nv_found,nv_hex,nv_dec,path,type,lineno,function,address,instruction_index,context_path,value
"['0xea64', '60004']",0xea64,60004,/usr/src/repo/007smsdev/tools/mifi_controller.py,text,128,"def adb_shell(cmd: str, timeout: int = DEFAULT_TIMEOUT) -> Tuple[str, int]:",,,,NV_NCK = 60004  # 0xEA64 (master NCK stored in NV)
['60004'],0xea64,60004,/usr/src/repo/007smsdev/tools/mifi_controller.py,text,538,,,,,# Second: mifi_backup (raw dumps may contain a file named nv_60004.bin)
"['0xea64', '60004']",0xea64,60004,/usr/src/repo/007smsdev/tools/mifi_controller.py,text,561,,,,,"""""""Attempt to read and display the master NCK (NV 0xEA64 / 60004)."
"['0xea64', '60004']",0xea64,60004,/usr/src/repo/007smsdev/tools/mifi_controller.py,text,3530,,,,,# Show NCK (sensitive) - read NV 0xEA64 (60004)
['60004'],0xea64,60004,/usr/src/repo/007smsdev/tools/mifi_controller.py,text,3557,,,,,"pri_override.add_argument(""nv_id"", type=int, help=""NV item id to override (e.g. 60004)"")"
"['0xea64', '0xea62', '60004', '60076', '0xeaac', '60002']",0xea62,60002,/usr/src/repo/007smsdev/tools/check_nv_writes.py,text,7,"def get_diff_text(base: str = ""origin/master"") -> str:",,,,"0xEA64 (60004), 0xEAAC (60076), 0xEA62 (60002)."
"['0xea64', '0xea62', '0xeaac']",0xeaac,60076,/usr/src/repo/007smsdev/tools/check_nv_writes.py,text,15,"def get_diff_text(base: str = ""origin/master"") -> str:",,,,"DANGEROUS_HEX = [""0xEA64"", ""0xEAAC"", ""0xEA62""]"
['0xea64'],0xea64,60004,/usr/src/repo/007smsdev/docs/PHASE6A_DISASSEMBLY_ANALYSIS.json,json,,operands,,58,target_function_analysis/modem2_modem_carrier_unlock/instructions/[58]/operands,"r0, #0xea64"
['0xeaac'],0xeaac,60076,/usr/src/repo/007smsdev/docs/PHASE6A_DISASSEMBLY_ANALYSIS.json,json,,operands,,51,target_function_analysis/modem2_modem_get_carrier_unlock_status/instructions/[51]/operands,"r0, #0xeaac"
['0xea62'],0xea62,60002,/usr/src/repo/007smsdev/docs/PHASE6A_DISASSEMBLY_ANALYSIS.json,json,,operands,,63,target_function_analysis/modem2_modem_get_carrier_unlock_status/instructions/[63]/operands,"r0, #0xea62"
['0xea64'],0xea64,60004,/usr/src/repo/007smsdev/docs/QUICK_REFERENCE.md,text,13,,,,,"| **59,492** | 0xEA64 | 59492 | 104 bytes | Master NCK (PLAINTEXT) | R/W ‚ö†Ô∏è |"
"['60076', '0xeaac']",0xeaac,60076,/usr/src/repo/007smsdev/docs/QUICK_REFERENCE.md,text,14,,,,,"| **60,076** | 0xEAAC | 60076 | 1 byte | Primary lock flag | R/W ‚ö†Ô∏è |"
['0xea62'],0xea62,60002,/usr/src/repo/007smsdev/docs/QUICK_REFERENCE.md,text,15,,,,,"| **59,490** | 0xEA62 | 59490 | 1 byte | Secondary lock flag | R/W ‚ö†Ô∏è |"
['0xeaac'],0xeaac,60076,/usr/src/repo/007smsdev/docs/QUICK_REFERENCE.md,text,43,,,,,nwcli read_nv 0xEAAC 1  # Primary lock
['0xea62'],0xea62,60002,/usr/src/repo/007smsdev/docs/QUICK_REFERENCE.md,text,44,,,,,nwcli read_nv 0xEA62 1  # Secondary lock
['0xeaac'],0xeaac,60076,/usr/src/repo/007smsdev/docs/QUICK_REFERENCE.md,text,71,,,,,nwcli write_nv 0xEAAC 0  # May brick device!
['0xea62'],0xea62,60002,/usr/src/repo/007smsdev/docs/QUICK_REFERENCE.md,text,72,,,,,nwcli write_nv 0xEA62 0  # May brick device!
['0xea64'],0xea64,60004,/usr/src/repo/007smsdev/docs/QUICK_REFERENCE.md,text,73,,,,,nwcli write_nv 0xEA64 <NCK>  # May brick device!
['0xea64'],0xea64,60004,/usr/src/repo/007smsdev/docs/QUICK_REFERENCE.md,text,112,,,,,‚îú‚îÄ Read NV 0xEA64 (master NCK)
['0xeaac'],0xeaac,60076,/usr/src/repo/007smsdev/docs/QUICK_REFERENCE.md,text,114,,,,,‚îú‚îÄ Write NV 0xEAAC = 0 (if match)
['0xea62'],0xea62,60002,/usr/src/repo/007smsdev/docs/QUICK_REFERENCE.md,text,115,,,,,‚îî‚îÄ Write NV 0xEA62 = 0 (if match)
['0xeaac'],0xeaac,60076,/usr/src/repo/007smsdev/docs/QUICK_REFERENCE.md,text,119,,,,,‚îú‚îÄ Read NV 0xEAAC
['0xea62'],0xea62,60002,/usr/src/repo/007smsdev/docs/QUICK_REFERENCE.md,text,120,,,,,‚îî‚îÄ Read NV 0xEA62
['0xea64'],0xea64,60004,/usr/src/repo/007smsdev/docs/QUICK_REFERENCE.md,text,146,,,,,‚îî‚îÄ Read NV 0xEA64 (master NCK)
"['0xea62', '0xeaac']",0xeaac,60076,/usr/src/repo/007smsdev/docs/QUICK_REFERENCE.md,text,148,,,,,‚îî‚îÄ If match: Write 0 to NV 0xEAAC & 0xEA62
['0xea64'],0xea64,60004,/usr/src/repo/007smsdev/docs/QUICK_REFERENCE.md,text,229,,,,,| üî¥ CRITICAL | Plaintext NCK (NV 0xEA64) | Root ‚Üí unlock bypass | N/A |
['0xeaac'],0xeaac,60076,/usr/src/repo/007smsdev/docs/QUICK_REFERENCE.md,text,318,,,,,nwcli read_nv 0xEAAC 1  # 0x00 = unlocked
['0xea62'],0xea62,60002,/usr/src/repo/007smsdev/docs/QUICK_REFERENCE.md,text,319,,,,,nwcli read_nv 0xEA62 1  # 0x00 = unlocked
['0xea64'],0xea64,60004,/usr/src/repo/007smsdev/docs/QUICK_REFERENCE.md,text,352,,,,,nwcli read_nv 0xEA64 104
['0xea64'],0xea64,60004,/usr/src/repo/007smsdev/docs/SESSION_7_8_PART2_SUMMARY.md,text,16,,,,,"**The NCK (Network Control Key) is stored as PLAINTEXT** in NV item 59,492 (0xEA64) and validated using a simple `strncmp()` comparison. This is a **severe security vulnerability**."
['0xea64'],0xea64,60004,/usr/src/repo/007smsdev/docs/SESSION_7_8_PART2_SUMMARY.md,text,57,,,,,2. Read master NCK from NV 0xEA64 (104 bytes)
['0xeaac'],0xeaac,60076,/usr/src/repo/007smsdev/docs/SESSION_7_8_PART2_SUMMARY.md,text,59,,,,,4. If match: Write NV 0xEAAC = 0 (primary unlock)
['0xea62'],0xea62,60002,/usr/src/repo/007smsdev/docs/SESSION_7_8_PART2_SUMMARY.md,text,60,,,,,5. If match: Write NV 0xEA62 = 0 (secondary unlock)
['0xeaac'],0xeaac,60076,/usr/src/repo/007smsdev/docs/SESSION_7_8_PART2_SUMMARY.md,text,72,,,,,1. Read NV 0xEAAC (primary lock flag)
['0xea62'],0xea62,60002,/usr/src/repo/007smsdev/docs/SESSION_7_8_PART2_SUMMARY.md,text,73,,,,,"2. If 0, check NV 0xEA62 (secondary lock flag)"
['0xea64'],0xea64,60004,/usr/src/repo/007smsdev/docs/SESSION_7_8_PART2_SUMMARY.md,text,123,,,,,"| **0xEA64** | 59,492 | 104 bytes | **Master NCK (PLAINTEXT!)** | üî¥ CRITICAL |"
['0xeaac'],0xeaac,60076,/usr/src/repo/007smsdev/docs/SESSION_7_8_PART2_SUMMARY.md,text,124,,,,,"| **0xEAAC** | 60,076 | 1 byte | Primary lock flag | üî¥ CRITICAL |"
['0xea62'],0xea62,60002,/usr/src/repo/007smsdev/docs/SESSION_7_8_PART2_SUMMARY.md,text,125,,,,,"| **0xEA62** | 59,490 | 1 byte | Secondary lock flag | üî¥ CRITICAL |"
['0xea64'],0xea64,60004,/usr/src/repo/007smsdev/docs/SESSION_7_8_PART2_SUMMARY.md,text,138,,,,,‚îú‚îÄ> Read NV 0xEA64 (master NCK)
['0xeaac'],0xeaac,60076,/usr/src/repo/007smsdev/docs/SESSION_7_8_PART2_SUMMARY.md,text,140,,,,,‚îú‚îÄ> Write NV 0xEAAC = 0 (unlock primary)
['0xea62'],0xea62,60002,/usr/src/repo/007smsdev/docs/SESSION_7_8_PART2_SUMMARY.md,text,141,,,,,‚îî‚îÄ> Write NV 0xEA62 = 0 (unlock secondary)
['0xea64'],0xea64,60004,/usr/src/repo/007smsdev/docs/SESSION_7_8_PART2_SUMMARY.md,text,150,,,,,- **Issue**: NCK stored unencrypted in NV 0xEA64
['0xea64'],0xea64,60004,/usr/src/repo/007smsdev/docs/SESSION_7_8_PART2_SUMMARY.md,text,188,,,,,nwcli read_nv 0xEA64 104
['0xeaac'],0xeaac,60076,/usr/src/repo/007smsdev/docs/SESSION_7_8_PART2_SUMMARY.md,text,198,,,,,nwcli write_nv 0xEAAC 0  # Primary unlock
['0xea62'],0xea62,60002,/usr/src/repo/007smsdev/docs/SESSION_7_8_PART2_SUMMARY.md,text,199,,,,,nwcli write_nv 0xEA62 0  # Secondary unlock
['0xeaac'],0xeaac,60076,/usr/src/repo/007smsdev/docs/SESSION_7_8_PART2_SUMMARY.md,text,222,return {,,,,"primary_lock = self.read_nv_item(0xEAAC, 1)"
['0xea62'],0xea62,60002,/usr/src/repo/007smsdev/docs/SESSION_7_8_PART2_SUMMARY.md,text,223,return {,,,,"secondary_lock = self.read_nv_item(0xEA62, 1)"
"['0xea62', '0xeaac']",0xeaac,60076,/usr/src/repo/007smsdev/docs/SESSION_7_8_PART2_SUMMARY.md,text,325,,,,,- Can it be used to write NV 0xEAAC/0xEA62 safely?
['0xea64'],0xea64,60004,/usr/src/repo/007smsdev/docs/ARCHITECTURE_DIAGRAM.md,text,70,,,,,"‚îÇ  ‚îÇ   ‚îú‚îÄ Read NV 0xEA64 (master NCK, 104 bytes, PLAINTEXT!)             ‚îÇ"
['0xeaac'],0xeaac,60076,/usr/src/repo/007smsdev/docs/ARCHITECTURE_DIAGRAM.md,text,72,,,,,‚îÇ  ‚îÇ   ‚îú‚îÄ If match: Write NV 0xEAAC = 0 (primary unlock)                 ‚îÇ
['0xea62'],0xea62,60002,/usr/src/repo/007smsdev/docs/ARCHITECTURE_DIAGRAM.md,text,73,,,,,‚îÇ  ‚îÇ   ‚îú‚îÄ If match: Write NV 0xEA62 = 0 (secondary unlock)               ‚îÇ
['0xeaac'],0xeaac,60076,/usr/src/repo/007smsdev/docs/ARCHITECTURE_DIAGRAM.md,text,77,,,,,‚îÇ  ‚îÇ   ‚îú‚îÄ Read NV 0xEAAC (primary lock flag)                             ‚îÇ
['0xea62'],0xea62,60002,/usr/src/repo/007smsdev/docs/ARCHITECTURE_DIAGRAM.md,text,78,,,,,‚îÇ  ‚îÇ   ‚îú‚îÄ Read NV 0xEA62 (secondary lock flag)                           ‚îÇ
['0xea64'],0xea64,60004,/usr/src/repo/007smsdev/docs/ARCHITECTURE_DIAGRAM.md,text,246,,,,,"‚îÇ  ‚îÇ NV 0xEA64 (59,492) - Master NCK [104 bytes] ‚ö†Ô∏è  PLAINTEXT!     ‚îÇ    ‚îÇ"
['0xeaac'],0xeaac,60076,/usr/src/repo/007smsdev/docs/ARCHITECTURE_DIAGRAM.md,text,251,,,,,"‚îÇ  ‚îÇ NV 0xEAAC (60,076) - Primary Lock Flag [1 byte]                ‚îÇ    ‚îÇ"
['0xea62'],0xea62,60002,/usr/src/repo/007smsdev/docs/ARCHITECTURE_DIAGRAM.md,text,256,,,,,"‚îÇ  ‚îÇ NV 0xEA62 (59,490) - Secondary Lock Flag [1 byte]              ‚îÇ    ‚îÇ"
['0xea64'],0xea64,60004,/usr/src/repo/007smsdev/docs/ARCHITECTURE_DIAGRAM.md,text,374,,,,,"‚îÇ  ‚îî‚îÄ nwqmi_nvtl_nv_item_read_cmd(0xEA64, nck_buffer, 0x68)"
['0xea64'],0xea64,60004,/usr/src/repo/007smsdev/docs/ARCHITECTURE_DIAGRAM.md,text,380,,,,,"‚îÇ    Baseband Modem: Read NV 0xEA64 (59,492)"
['0xeaac'],0xeaac,60076,/usr/src/repo/007smsdev/docs/ARCHITECTURE_DIAGRAM.md,text,392,,,,,"‚îÇ  ‚îÇ  ‚îî‚îÄ nwqmi_nvtl_nv_item_write_cmd(0xEAAC, 0x00, 1)"
['0xea62'],0xea62,60002,/usr/src/repo/007smsdev/docs/ARCHITECTURE_DIAGRAM.md,text,396,,,,,"‚îÇ  ‚îÇ  ‚îî‚îÄ nwqmi_nvtl_nv_item_write_cmd(0xEA62, 0x00, 1)"
['0xeaac'],0xeaac,60076,/usr/src/repo/007smsdev/docs/ARCHITECTURE_DIAGRAM.md,text,411,,,,,User: nwcli read_nv 0xEAAC 1
['0xeaac'],0xeaac,60076,/usr/src/repo/007smsdev/docs/ARCHITECTURE_DIAGRAM.md,text,417,,,,,"libmal_qct.so::nwqmi_nvtl_nv_item_read_cmd(0xEAAC, buffer, 1)"
['0xeaac'],0xeaac,60076,/usr/src/repo/007smsdev/docs/ARCHITECTURE_DIAGRAM.md,text,427,,,,,"‚îú‚îÄ Lookup NV item 0xEAAC (60,076)"
['0xeaac'],0xeaac,60076,/usr/src/repo/007smsdev/docs/ARCHITECTURE_DIAGRAM.md,text,441,,,,,"Output: ""NV 0xEAAC = 0x00"" (UNLOCKED)"
['0xea64'],0xea64,60004,/usr/src/repo/007smsdev/docs/ARCHITECTURE_DIAGRAM.md,text,484,,,,,‚îÇ   ‚îî‚îÄ nwcli read_nv 0xEA64 104 ‚Üí NCK revealed
['0xeaac'],0xeaac,60076,/usr/src/repo/007smsdev/docs/ARCHITECTURE_DIAGRAM.md,text,487,,,,,‚îÇ   ‚îú‚îÄ nwcli write_nv 0xEAAC 0 ‚Üí Force primary unlock
['0xea62'],0xea62,60002,/usr/src/repo/007smsdev/docs/ARCHITECTURE_DIAGRAM.md,text,488,,,,,‚îÇ   ‚îî‚îÄ nwcli write_nv 0xEA62 0 ‚Üí Force secondary unlock
"['0xea64', '0xea62', '0xeaac']",0xeaac,60076,/usr/src/repo/007smsdev/docs/ARCHITECTURE_DIAGRAM.md,text,520,,,,,"‚îÇ   ‚îú‚îÄ 0xEA64, 0xEAAC, 0xEA62, 0x0D89"
['0xea64'],0xea64,60004,/usr/src/repo/007smsdev/docs/UNLOCK_ALGORITHM_ANALYSIS.md,text,14,{,,,,"- **NV 59,492 (0xEA64)**: Stores the master NCK (104 bytes)"
['0xeaac'],0xeaac,60076,/usr/src/repo/007smsdev/docs/UNLOCK_ALGORITHM_ANALYSIS.md,text,15,{,,,,"- **NV 60,076 (0xEAAC)**: Lock status flag (1 byte: 0=UNLOCKED, 1=LOCKED)"
['0xea62'],0xea62,60002,/usr/src/repo/007smsdev/docs/UNLOCK_ALGORITHM_ANALYSIS.md,text,16,{,,,,"- **NV 59,490 (0xEA62)**: Secondary lock control (1 byte)"
['0xea64'],0xea64,60004,/usr/src/repo/007smsdev/docs/UNLOCK_ALGORITHM_ANALYSIS.md,text,52,if (*(int *)(DAT_0003a1fc + 0x39f70) == 1) {,,,,"// **STEP 1: Read master NCK from NV item 59,492 (0xEA64)**"
['0xea64'],0xea64,60004,/usr/src/repo/007smsdev/docs/UNLOCK_ALGORITHM_ANALYSIS.md,text,53,if (*(int *)(DAT_0003a1fc + 0x39f70) == 1) {,,,,"local_c = nwqmi_nvtl_nv_item_read_cmd(0xea64, acStack_78, 0x68);"
['0xeaac'],0xeaac,60076,/usr/src/repo/007smsdev/docs/UNLOCK_ALGORITHM_ANALYSIS.md,text,68,if (*(int *)(DAT_0003a1fc + 0x39f70) == 1) {,,,,"// **STEP 3: Write unlock flag to NV 60,076 (0xEAAC) = 0 (UNLOCKED)**"
['0xeaac'],0xeaac,60076,/usr/src/repo/007smsdev/docs/UNLOCK_ALGORITHM_ANALYSIS.md,text,69,if (*(int *)(DAT_0003a1fc + 0x39f70) == 1) {,,,,"local_c = nwqmi_nvtl_nv_item_write_cmd(0xeaac, &local_d, 1);"
['0xea62'],0xea62,60002,/usr/src/repo/007smsdev/docs/UNLOCK_ALGORITHM_ANALYSIS.md,text,77,if (*(int *)(DAT_0003a1fc + 0x39f70) == 1) {,,,,"// **STEP 4: Write secondary unlock flag to NV 59,490 (0xEA62) = 0**"
['0xea62'],0xea62,60002,/usr/src/repo/007smsdev/docs/UNLOCK_ALGORITHM_ANALYSIS.md,text,78,if (*(int *)(DAT_0003a1fc + 0x39f70) == 1) {,,,,"local_c = nwqmi_nvtl_nv_item_write_cmd(0xea62, &local_d, 1);"
['0xea64'],0xea64,60004,/usr/src/repo/007smsdev/docs/UNLOCK_ALGORITHM_ANALYSIS.md,text,117,if (local_c == 0) {,,,,‚îÇ 2. Read Master NCK from NV 0xEA64           ‚îÇ
['0xea64'],0xea64,60004,/usr/src/repo/007smsdev/docs/UNLOCK_ALGORITHM_ANALYSIS.md,text,118,if (local_c == 0) {,,,,‚îÇ    nwqmi_nvtl_nv_item_read_cmd(0xea64)      ‚îÇ
['0xeaac'],0xeaac,60076,/usr/src/repo/007smsdev/docs/UNLOCK_ALGORITHM_ANALYSIS.md,text,137,,,,,‚îÇ 4. Write NV 0xEAAC = 0 (Primary Unlock)     ‚îÇ
['0xeaac'],0xeaac,60076,/usr/src/repo/007smsdev/docs/UNLOCK_ALGORITHM_ANALYSIS.md,text,138,,,,,"‚îÇ    nwqmi_nvtl_nv_item_write_cmd(0xeaac, 0)  ‚îÇ"
['0xea62'],0xea62,60002,/usr/src/repo/007smsdev/docs/UNLOCK_ALGORITHM_ANALYSIS.md,text,143,,,,,‚îÇ 5. Write NV 0xEA62 = 0 (Secondary Unlock)   ‚îÇ
['0xea62'],0xea62,60002,/usr/src/repo/007smsdev/docs/UNLOCK_ALGORITHM_ANALYSIS.md,text,144,,,,,"‚îÇ    nwqmi_nvtl_nv_item_write_cmd(0xea62, 0)  ‚îÇ"
['0xeaac'],0xeaac,60076,/usr/src/repo/007smsdev/docs/UNLOCK_ALGORITHM_ANALYSIS.md,text,191,if (*(int *)(DAT_00039f28 + 0x39da4) == 1) {,,,,// **STEP 1: Read primary lock flag from NV 0xEAAC**
['0xeaac'],0xeaac,60076,/usr/src/repo/007smsdev/docs/UNLOCK_ALGORITHM_ANALYSIS.md,text,192,if (*(int *)(DAT_00039f28 + 0x39da4) == 1) {,,,,"local_c = nwqmi_nvtl_nv_item_read_cmd(0xeaac, &local_d, 1);"
['0xea62'],0xea62,60002,/usr/src/repo/007smsdev/docs/UNLOCK_ALGORITHM_ANALYSIS.md,text,196,if (*(int *)(DAT_00039f28 + 0x39da4) == 1) {,,,,"local_c = nwqmi_nvtl_nv_item_read_cmd(0xea62, &local_d, 1);"
['0xea64'],0xea64,60004,/usr/src/repo/007smsdev/docs/UNLOCK_ALGORITHM_ANALYSIS.md,text,426,if (iVar1 == 0) {,,,,"| **0xEA64** | 59,492 | 104 bytes | **Master NCK storage (PLAINTEXT!)** | Set by carrier |"
['0xeaac'],0xeaac,60076,/usr/src/repo/007smsdev/docs/UNLOCK_ALGORITHM_ANALYSIS.md,text,427,if (iVar1 == 0) {,,,,"| **0xEAAC** | 60,076 | 1 byte | **Primary lock flag** | 1 (LOCKED) |"
['0xea62'],0xea62,60002,/usr/src/repo/007smsdev/docs/UNLOCK_ALGORITHM_ANALYSIS.md,text,428,if (param_2 < 0x50) {,,,,"| **0xEA62** | 59,490 | 1 byte | **Secondary lock flag** | 1 (LOCKED) |"
['0xea64'],0xea64,60004,/usr/src/repo/007smsdev/docs/UNLOCK_ALGORITHM_ANALYSIS.md,text,440,,,,,- The NCK is stored in **plaintext** in NV item 0xEA64
['0xeaac'],0xeaac,60076,/usr/src/repo/007smsdev/docs/UNLOCK_ALGORITHM_ANALYSIS.md,text,453,,,,,- `nwcli write_nv 0xEAAC 0` (primary unlock)
['0xea62'],0xea62,60002,/usr/src/repo/007smsdev/docs/UNLOCK_ALGORITHM_ANALYSIS.md,text,454,,,,,- `nwcli write_nv 0xEA62 0` (secondary unlock)
['0xea64'],0xea64,60004,/usr/src/repo/007smsdev/docs/UNLOCK_ALGORITHM_ANALYSIS.md,text,466,,,,,‚îÇ   ‚îú‚îÄ‚îÄ Read NV 0xEA64 ‚Üí Extract plaintext NCK
"['0xea62', '0xeaac']",0xeaac,60076,/usr/src/repo/007smsdev/docs/UNLOCK_ALGORITHM_ANALYSIS.md,text,467,,,,,‚îÇ   ‚îî‚îÄ‚îÄ Write NV 0xEAAC/0xEA62 ‚Üí Force unlock
['0xeaac'],0xeaac,60076,/usr/src/repo/007smsdev/docs/UNLOCK_ALGORITHM_ANALYSIS.md,text,525,,,,,‚îÇ nwcli read_nv 0xEAAC 1                      ‚îÇ
['0xeaac'],0xeaac,60076,/usr/src/repo/007smsdev/docs/UNLOCK_ALGORITHM_ANALYSIS.md,text,568,return {,,,,"lock_flag = self.read_nv_item(0xEAAC, 1)  # Primary lock flag"
"['0xea64', '0xea62', '0xeaac']",0xeaac,60076,/usr/src/repo/007smsdev/docs/UNLOCK_ALGORITHM_ANALYSIS.md,text,590,,,,,"# - write_nv() to lock-related NV items (0xEAAC, 0xEA62, 0xEA64)"
"['0xea62', '0xeaac']",0xeaac,60076,/usr/src/repo/007smsdev/docs/UNLOCK_ALGORITHM_ANALYSIS.md,text,611,,,,,- Can this be used to write NV 0xEAAC/0xEA62 safely?
['0xea64'],0xea64,60004,/usr/src/repo/007smsdev/docs/SESSION_7_8_PART3_SUMMARY.md,text,135,,,,,"| **0xEA64** | 59,492 | Master NCK (104 bytes, PLAINTEXT) | Read in unlock function |"
['0xeaac'],0xeaac,60076,/usr/src/repo/007smsdev/docs/SESSION_7_8_PART3_SUMMARY.md,text,136,,,,,"| **0xEAAC** | 60,076 | Primary lock flag (1 byte) | Read/Write in unlock |"
['0xea62'],0xea62,60002,/usr/src/repo/007smsdev/docs/SESSION_7_8_PART3_SUMMARY.md,text,137,,,,,"| **0xEA62** | 59,490 | Secondary lock flag (1 byte) | Read/Write in unlock |"
['0xea64'],0xea64,60004,/usr/src/repo/007smsdev/docs/SESSION_7_8_PART3_SUMMARY.md,text,359,,,,,"‚îÇ  ‚îÇ   ‚îú‚îÄ 0xEA64 (59,492): NCK (PLAINTEXT) ‚ö†Ô∏è                    ‚îÇ"
['0xeaac'],0xeaac,60076,/usr/src/repo/007smsdev/docs/SESSION_7_8_PART3_SUMMARY.md,text,360,,,,,"‚îÇ  ‚îÇ   ‚îú‚îÄ 0xEAAC (60,076): Primary lock flag                     ‚îÇ"
['0xea62'],0xea62,60002,/usr/src/repo/007smsdev/docs/SESSION_7_8_PART3_SUMMARY.md,text,361,,,,,"‚îÇ  ‚îÇ   ‚îú‚îÄ 0xEA62 (59,490): Secondary lock flag                   ‚îÇ"
['0xea64'],0xea64,60004,/usr/src/repo/007smsdev/docs/SESSION_7_8_PART3_SUMMARY.md,text,392,,,,,"- **Legacy NV items**: Numeric IDs (0x0226, 0xEA64, etc.) - Direct memory access"
['0xea64'],0xea64,60004,/usr/src/repo/007smsdev/docs/SESSION_7_8_PART3_SUMMARY.md,text,405,,,,,nwqmi_nvtl_nv_item_read_cmd(0xEA64) ‚Üí Read master NCK (PLAINTEXT)
['0xeaac'],0xeaac,60076,/usr/src/repo/007smsdev/docs/SESSION_7_8_PART3_SUMMARY.md,text,409,,,,,"nwqmi_nvtl_nv_item_write_cmd(0xEAAC, 0) ‚Üí Clear primary lock"
['0xea62'],0xea62,60002,/usr/src/repo/007smsdev/docs/SESSION_7_8_PART3_SUMMARY.md,text,410,,,,,"nwqmi_nvtl_nv_item_write_cmd(0xEA62, 0) ‚Üí Clear secondary lock"
['0xea64'],0xea64,60004,/usr/src/repo/007smsdev/docs/SESSION_7_8_PART3_SUMMARY.md,text,438,,,,,- NV 0xEA64 stores NCK as plaintext
['0xea64'],0xea64,60004,/usr/src/repo/007smsdev/docs/DOCUMENTATION_INDEX.md,text,331,,,,,- NCK stored as PLAINTEXT in NV 0xEA64
['0xea64'],0xea64,60004,/usr/src/repo/007smsdev/docs/DOCUMENTATION_INDEX.md,text,344,,,,,"- Legacy NV items: Numeric IDs (0x0226, 0xEA64, etc.)"
"['0xea64', '60004']",0xea64,60004,/usr/src/repo/007smsdev/docs/NCK_GHIDRA_ANALYSIS.md,text,7,,,,,how the baseband reads the master NCK (NV 0xEA64 / 60004) and validates SPC/NCK verification.
"['0xea64', '60004']",0xea64,60004,/usr/src/repo/007smsdev/docs/NCK_GHIDRA_ANALYSIS.md,text,11,,,,,- The function modem2_modem_carrier_unlock() in libmal_qct or libmodem2 reads NV 0xEA64 (60004) and compares
"['0xea62', '0xeaac']",0xeaac,60076,/usr/src/repo/007smsdev/docs/NCK_GHIDRA_ANALYSIS.md,text,15,,,,,"- modem2_modem_carrier_unlock (unlock/compare, writes lock flags 0xEAAC and 0xEA62 on success)"
['0xea64'],0xea64,60004,/usr/src/repo/007smsdev/docs/NCK_GHIDRA_ANALYSIS.md,text,21,,,,,"- docs/ARCHITECTURE_DIAGRAM.md documents NV 0xEA64 reading: ""Read NV 0xEA64 (master NCK, 104 bytes, PLAINTEXT!)"""
"['0xea64', '0xea62', '0xeaac']",0xeaac,60076,/usr/src/repo/007smsdev/docs/NCK_GHIDRA_ANALYSIS.md,text,23,,,,,"modem2_modem_carrier_unlock with operand usages referencing NV 0xEA64, 0xEAAC, and 0xEA62 (r0, #0xea64)."
"['0xea64', '60004']",0xea64,60004,/usr/src/repo/007smsdev/docs/NCK_GHIDRA_ANALYSIS.md,text,28,,,,,- The baseband stores the master NCK as plaintext in NV 0xEA64 (60004 decimal). This is a security risk if
"['0xea62', '0xeaac']",0xeaac,60076,/usr/src/repo/007smsdev/docs/NCK_GHIDRA_ANALYSIS.md,text,34,,,,,"- Because there are multiple NV lock flags (0xEAAC, 0xEA62) that are written on success, write operations are"
"['0xea64', '0xea62', '60004', '0xeaac']",0xeaac,60076,/usr/src/repo/007smsdev/docs/NCK_GHIDRA_ANALYSIS.md,text,39,,,,,"- NV item IDs: 0xEA64 (decimal 60004), 0xEAAC, 0xEA62 (lock flags), 60044 (PRI version)"
['0xea64'],0xea64,60004,/usr/src/repo/007smsdev/docs/NCK_GHIDRA_ANALYSIS.md,text,59,,,,,"If you want, I can add more automated cross-checks into our tooling (e.g., detect NV 0xEA64 presence on device and"
['0xeaac'],0xeaac,60076,/usr/src/repo/007smsdev/docs/SAFE_OPERATIONS_GUIDE.md,text,18,,,,,"nwcli read_nv 0xEAAC 1  # Primary lock flag (0=unlocked, 1=locked)"
['0xea62'],0xea62,60002,/usr/src/repo/007smsdev/docs/SAFE_OPERATIONS_GUIDE.md,text,19,,,,,nwcli read_nv 0xEA62 1  # Secondary lock flag
['0xea64'],0xea64,60004,/usr/src/repo/007smsdev/docs/SAFE_OPERATIONS_GUIDE.md,text,129,,,,,1. Reads master NCK from NV 0xEA64
['0xeaac'],0xeaac,60076,/usr/src/repo/007smsdev/docs/SAFE_OPERATIONS_GUIDE.md,text,132,,,,,- Writes NV 0xEAAC = 0 (primary unlock)
['0xea62'],0xea62,60002,/usr/src/repo/007smsdev/docs/SAFE_OPERATIONS_GUIDE.md,text,133,,,,,- Writes NV 0xEA62 = 0 (secondary unlock)
['0xea64'],0xea64,60004,/usr/src/repo/007smsdev/docs/SAFE_OPERATIONS_GUIDE.md,text,147,,,,,"- 0xEA64 (59,492): Master NCK storage"
['0xeaac'],0xeaac,60076,/usr/src/repo/007smsdev/docs/SAFE_OPERATIONS_GUIDE.md,text,148,,,,,"- 0xEAAC (60,076): Primary lock flag"
['0xea62'],0xea62,60002,/usr/src/repo/007smsdev/docs/SAFE_OPERATIONS_GUIDE.md,text,149,,,,,"- 0xEA62 (59,490): Secondary lock flag"
['0xeaac'],0xeaac,60076,/usr/src/repo/007smsdev/docs/SAFE_OPERATIONS_GUIDE.md,text,163,,,,,nwcli read_nv 0xEAAC 1
['0xeaac'],0xeaac,60076,/usr/src/repo/007smsdev/docs/SAFE_OPERATIONS_GUIDE.md,text,224,,,,,nwcli read_nv 0xEAAC 1 > lock_status_backup.txt
['0xea62'],0xea62,60002,/usr/src/repo/007smsdev/docs/SAFE_OPERATIONS_GUIDE.md,text,225,,,,,nwcli read_nv 0xEA62 1 >> lock_status_backup.txt
['0xeaac'],0xeaac,60076,/usr/src/repo/007smsdev/docs/SAFE_OPERATIONS_GUIDE.md,text,285,,,,,nwcli read_nv 0xEAAC 1  # Should be 0x00
['0xea62'],0xea62,60002,/usr/src/repo/007smsdev/docs/SAFE_OPERATIONS_GUIDE.md,text,286,,,,,nwcli read_nv 0xEA62 1  # Should be 0x00
['0xeaac'],0xeaac,60076,/usr/src/repo/007smsdev/docs/SAFE_OPERATIONS_GUIDE.md,text,359,"def check_unlock_status_safe(self) -> Dict[str, Any]:",,,,nwcli read_nv 0xEAAC 1
['0xea62'],0xea62,60002,/usr/src/repo/007smsdev/docs/SAFE_OPERATIONS_GUIDE.md,text,360,"def check_unlock_status_safe(self) -> Dict[str, Any]:",,,,nwcli read_nv 0xEA62 1
['0xeaac'],0xeaac,60076,/usr/src/repo/007smsdev/docs/SAFE_OPERATIONS_GUIDE.md,text,386,return {,,,,"'primary_lock': int,     # NV 0xEAAC value (0 or 1)"
['0xea62'],0xea62,60002,/usr/src/repo/007smsdev/docs/SAFE_OPERATIONS_GUIDE.md,text,387,return {,,,,"'secondary_lock': int,   # NV 0xEA62 value (0 or 1)"
['0xeaac'],0xeaac,60076,/usr/src/repo/007smsdev/docs/SAFE_OPERATIONS_GUIDE.md,text,394,return {,,,,"primary = self.read_nv_item(0xEAAC, 1)"
['0xea62'],0xea62,60002,/usr/src/repo/007smsdev/docs/SAFE_OPERATIONS_GUIDE.md,text,395,return {,,,,"secondary = self.read_nv_item(0xEA62, 1)"
['0xea64'],0xea64,60004,/usr/src/repo/007smsdev/docs/SAFE_OPERATIONS_GUIDE.md,text,474,,,,,"| **0xEA64** | 59,492 | 104 bytes | Master NCK (plaintext) | ‚úÖ Yes | ‚ùå NO |"
['0xeaac'],0xeaac,60076,/usr/src/repo/007smsdev/docs/SAFE_OPERATIONS_GUIDE.md,text,475,,,,,"| **0xEAAC** | 60,076 | 1 byte | Primary lock flag | ‚úÖ Yes | ‚ùå NO |"
['0xea62'],0xea62,60002,/usr/src/repo/007smsdev/docs/SAFE_OPERATIONS_GUIDE.md,text,476,,,,,"| **0xEA62** | 59,490 | 1 byte | Secondary lock flag | ‚úÖ Yes | ‚ùå NO |"
['0xeaac'],0xeaac,60076,/usr/src/repo/007smsdev/docs/SAFE_OPERATIONS_GUIDE.md,text,497,,,,,nwcli read_nv 0xEAAC 1               # Read primary lock flag
['0xea62'],0xea62,60002,/usr/src/repo/007smsdev/docs/SAFE_OPERATIONS_GUIDE.md,text,498,,,,,nwcli read_nv 0xEA62 1               # Read secondary lock flag
"['0xea64', '60004']",0xea64,60004,/usr/src/repo/007smsdev/analysis/nv_references.csv,text,2,,,,,"""['60004', '0xea64']"",/usr/src/repo/007smsdev/tools/mifi_controller.py,text,128,""def adb_shell(cmd: str, timeout: int = DEFAULT_TIMEOUT) -> Tuple[str, int]:"",,NV_NCK = 60004  # 0xEA64 (master NCK stor"
['60004'],0xea64,60004,/usr/src/repo/007smsdev/analysis/nv_references.csv,text,3,,,,,"['60004'],/usr/src/repo/007smsdev/tools/mifi_controller.py,text,538,,,# Second: mifi_backup (raw dumps may contain a file named nv_60004.bin)"
"['0xea64', '60004']",0xea64,60004,/usr/src/repo/007smsdev/analysis/nv_references.csv,text,4,,,,,"""['60004', '0xea64']"",/usr/src/repo/007smsdev/tools/mifi_controller.py,text,561,,,""""""""""""""Attempt to read and display the master NCK (NV 0xEA64 / 60004)."""
"['0xea64', '60004']",0xea64,60004,/usr/src/repo/007smsdev/analysis/nv_references.csv,text,5,,,,,"""['60004', '0xea64']"",/usr/src/repo/007smsdev/tools/mifi_controller.py,text,3530,,,# Show NCK (sensitive) - read NV 0xEA64 (60004)"
['60004'],0xea64,60004,/usr/src/repo/007smsdev/analysis/nv_references.csv,text,6,,,,,"['60004'],/usr/src/repo/007smsdev/tools/mifi_controller.py,text,3557,,,""pri_override.add_argument(""""nv_id"""", type=int, help=""""NV item id to override (e.g. 60004)"""")"""
['0xea64'],0xea64,60004,/usr/src/repo/007smsdev/analysis/nv_references.csv,text,7,,,,,"['0xea64'],/usr/src/repo/007smsdev/docs/PHASE6A_DISASSEMBLY_ANALYSIS.json,json,,,target_function_analysis/modem2_modem_carrier_unlock/instructions/[58]/operands,""r0, #0xea64"""
['0xeaac'],0xeaac,60076,/usr/src/repo/007smsdev/analysis/nv_references.csv,text,8,,,,,"['0xeaac'],/usr/src/repo/007smsdev/docs/PHASE6A_DISASSEMBLY_ANALYSIS.json,json,,,target_function_analysis/modem2_modem_get_carrier_unlock_status/instructions/[51]/operands,""r0, #0xeaac"""
['0xea62'],0xea62,60002,/usr/src/repo/007smsdev/analysis/nv_references.csv,text,9,,,,,"['0xea62'],/usr/src/repo/007smsdev/docs/PHASE6A_DISASSEMBLY_ANALYSIS.json,json,,,target_function_analysis/modem2_modem_get_carrier_unlock_status/instructions/[63]/operands,""r0, #0xea62"""
['0xea64'],0xea64,60004,/usr/src/repo/007smsdev/analysis/nv_references.csv,text,10,,,,,"['0xea64'],/usr/src/repo/007smsdev/docs/QUICK_REFERENCE.md,text,13,,,""| **59,492** | 0xEA64 | 59492 | 104 bytes | Master NCK (PLAINTEXT) | R/W ‚ö†Ô∏è |"""
"['60076', '0xeaac']",0xeaac,60076,/usr/src/repo/007smsdev/analysis/nv_references.csv,text,11,,,,,"""['0xeaac', '60076']"",/usr/src/repo/007smsdev/docs/QUICK_REFERENCE.md,text,14,,,""| **60,076** | 0xEAAC | 60076 | 1 byte | Primary lock flag | R/W ‚ö†Ô∏è |"""
['0xea62'],0xea62,60002,/usr/src/repo/007smsdev/analysis/nv_references.csv,text,12,,,,,"['0xea62'],/usr/src/repo/007smsdev/docs/QUICK_REFERENCE.md,text,15,,,""| **59,490** | 0xEA62 | 59490 | 1 byte | Secondary lock flag | R/W ‚ö†Ô∏è |"""
['0xeaac'],0xeaac,60076,/usr/src/repo/007smsdev/analysis/nv_references.csv,text,13,,,,,"['0xeaac'],/usr/src/repo/007smsdev/docs/QUICK_REFERENCE.md,text,43,,,nwcli read_nv 0xEAAC 1  # Primary lock"
['0xea62'],0xea62,60002,/usr/src/repo/007smsdev/analysis/nv_references.csv,text,14,,,,,"['0xea62'],/usr/src/repo/007smsdev/docs/QUICK_REFERENCE.md,text,44,,,nwcli read_nv 0xEA62 1  # Secondary lock"
['0xeaac'],0xeaac,60076,/usr/src/repo/007smsdev/analysis/nv_references.csv,text,15,,,,,"['0xeaac'],/usr/src/repo/007smsdev/docs/QUICK_REFERENCE.md,text,71,,,nwcli write_nv 0xEAAC 0  # May brick device!"
['0xea62'],0xea62,60002,/usr/src/repo/007smsdev/analysis/nv_references.csv,text,16,,,,,"['0xea62'],/usr/src/repo/007smsdev/docs/QUICK_REFERENCE.md,text,72,,,nwcli write_nv 0xEA62 0  # May brick device!"
['0xea64'],0xea64,60004,/usr/src/repo/007smsdev/analysis/nv_references.csv,text,17,,,,,"['0xea64'],/usr/src/repo/007smsdev/docs/QUICK_REFERENCE.md,text,73,,,nwcli write_nv 0xEA64 <NCK>  # May brick device!"
['0xea64'],0xea64,60004,/usr/src/repo/007smsdev/analysis/nv_references.csv,text,18,,,,,"['0xea64'],/usr/src/repo/007smsdev/docs/QUICK_REFERENCE.md,text,112,,,‚îú‚îÄ Read NV 0xEA64 (master NCK)"
['0xeaac'],0xeaac,60076,/usr/src/repo/007smsdev/analysis/nv_references.csv,text,19,,,,,"['0xeaac'],/usr/src/repo/007smsdev/docs/QUICK_REFERENCE.md,text,114,,,‚îú‚îÄ Write NV 0xEAAC = 0 (if match)"
['0xea62'],0xea62,60002,/usr/src/repo/007smsdev/analysis/nv_references.csv,text,20,,,,,"['0xea62'],/usr/src/repo/007smsdev/docs/QUICK_REFERENCE.md,text,115,,,‚îî‚îÄ Write NV 0xEA62 = 0 (if match)"
['0xeaac'],0xeaac,60076,/usr/src/repo/007smsdev/analysis/nv_references.csv,text,21,,,,,"['0xeaac'],/usr/src/repo/007smsdev/docs/QUICK_REFERENCE.md,text,119,,,‚îú‚îÄ Read NV 0xEAAC"
['0xea62'],0xea62,60002,/usr/src/repo/007smsdev/analysis/nv_references.csv,text,22,,,,,"['0xea62'],/usr/src/repo/007smsdev/docs/QUICK_REFERENCE.md,text,120,,,‚îî‚îÄ Read NV 0xEA62"
['0xea64'],0xea64,60004,/usr/src/repo/007smsdev/analysis/nv_references.csv,text,23,,,,,"['0xea64'],/usr/src/repo/007smsdev/docs/QUICK_REFERENCE.md,text,146,,,‚îî‚îÄ Read NV 0xEA64 (master NCK)"
"['0xea62', '0xeaac']",0xeaac,60076,/usr/src/repo/007smsdev/analysis/nv_references.csv,text,24,,,,,"""['0xeaac', '0xea62']"",/usr/src/repo/007smsdev/docs/QUICK_REFERENCE.md,text,148,,,‚îî‚îÄ If match: Write 0 to NV 0xEAAC & 0xEA62"
['0xea64'],0xea64,60004,/usr/src/repo/007smsdev/analysis/nv_references.csv,text,25,,,,,"['0xea64'],/usr/src/repo/007smsdev/docs/QUICK_REFERENCE.md,text,229,,,| üî¥ CRITICAL | Plaintext NCK (NV 0xEA64) | Root ‚Üí unlock bypass | N/A |"
['0xeaac'],0xeaac,60076,/usr/src/repo/007smsdev/analysis/nv_references.csv,text,26,,,,,"['0xeaac'],/usr/src/repo/007smsdev/docs/QUICK_REFERENCE.md,text,318,,,nwcli read_nv 0xEAAC 1  # 0x00 = unlocked"
['0xea62'],0xea62,60002,/usr/src/repo/007smsdev/analysis/nv_references.csv,text,27,,,,,"['0xea62'],/usr/src/repo/007smsdev/docs/QUICK_REFERENCE.md,text,319,,,nwcli read_nv 0xEA62 1  # 0x00 = unlocked"
['0xea64'],0xea64,60004,/usr/src/repo/007smsdev/analysis/nv_references.csv,text,28,,,,,"['0xea64'],/usr/src/repo/007smsdev/docs/QUICK_REFERENCE.md,text,352,,,nwcli read_nv 0xEA64 104"
['0xea64'],0xea64,60004,/usr/src/repo/007smsdev/analysis/nv_references.csv,text,29,,,,,"['0xea64'],/usr/src/repo/007smsdev/docs/SESSION_7_8_PART2_SUMMARY.md,text,16,,,""**The NCK (Network Control Key) is stored as PLAINTEXT** in NV item 59,492 (0xEA64) and validated using a simple `strncm"
['0xea64'],0xea64,60004,/usr/src/repo/007smsdev/analysis/nv_references.csv,text,30,,,,,"['0xea64'],/usr/src/repo/007smsdev/docs/SESSION_7_8_PART2_SUMMARY.md,text,57,,,2. Read master NCK from NV 0xEA64 (104 bytes)"
['0xeaac'],0xeaac,60076,/usr/src/repo/007smsdev/analysis/nv_references.csv,text,31,,,,,"['0xeaac'],/usr/src/repo/007smsdev/docs/SESSION_7_8_PART2_SUMMARY.md,text,59,,,4. If match: Write NV 0xEAAC = 0 (primary unlock)"
['0xea62'],0xea62,60002,/usr/src/repo/007smsdev/analysis/nv_references.csv,text,32,,,,,"['0xea62'],/usr/src/repo/007smsdev/docs/SESSION_7_8_PART2_SUMMARY.md,text,60,,,5. If match: Write NV 0xEA62 = 0 (secondary unlock)"
['0xeaac'],0xeaac,60076,/usr/src/repo/007smsdev/analysis/nv_references.csv,text,33,,,,,"['0xeaac'],/usr/src/repo/007smsdev/docs/SESSION_7_8_PART2_SUMMARY.md,text,72,,,1. Read NV 0xEAAC (primary lock flag)"
['0xea62'],0xea62,60002,/usr/src/repo/007smsdev/analysis/nv_references.csv,text,34,,,,,"['0xea62'],/usr/src/repo/007smsdev/docs/SESSION_7_8_PART2_SUMMARY.md,text,73,,,""2. If 0, check NV 0xEA62 (secondary lock flag)"""
['0xea64'],0xea64,60004,/usr/src/repo/007smsdev/analysis/nv_references.csv,text,35,,,,,"['0xea64'],/usr/src/repo/007smsdev/docs/SESSION_7_8_PART2_SUMMARY.md,text,123,,,""| **0xEA64** | 59,492 | 104 bytes | **Master NCK (PLAINTEXT!)** | üî¥ CRITICAL |"""
['0xeaac'],0xeaac,60076,/usr/src/repo/007smsdev/analysis/nv_references.csv,text,36,,,,,"['0xeaac'],/usr/src/repo/007smsdev/docs/SESSION_7_8_PART2_SUMMARY.md,text,124,,,""| **0xEAAC** | 60,076 | 1 byte | Primary lock flag | üî¥ CRITICAL |"""
['0xea62'],0xea62,60002,/usr/src/repo/007smsdev/analysis/nv_references.csv,text,37,,,,,"['0xea62'],/usr/src/repo/007smsdev/docs/SESSION_7_8_PART2_SUMMARY.md,text,125,,,""| **0xEA62** | 59,490 | 1 byte | Secondary lock flag | üî¥ CRITICAL |"""
['0xea64'],0xea64,60004,/usr/src/repo/007smsdev/analysis/nv_references.csv,text,38,,,,,"['0xea64'],/usr/src/repo/007smsdev/docs/SESSION_7_8_PART2_SUMMARY.md,text,138,,,‚îú‚îÄ> Read NV 0xEA64 (master NCK)"
['0xeaac'],0xeaac,60076,/usr/src/repo/007smsdev/analysis/nv_references.csv,text,39,,,,,"['0xeaac'],/usr/src/repo/007smsdev/docs/SESSION_7_8_PART2_SUMMARY.md,text,140,,,‚îú‚îÄ> Write NV 0xEAAC = 0 (unlock primary)"
['0xea62'],0xea62,60002,/usr/src/repo/007smsdev/analysis/nv_references.csv,text,40,,,,,"['0xea62'],/usr/src/repo/007smsdev/docs/SESSION_7_8_PART2_SUMMARY.md,text,141,,,‚îî‚îÄ> Write NV 0xEA62 = 0 (unlock secondary)"
['0xea64'],0xea64,60004,/usr/src/repo/007smsdev/analysis/nv_references.csv,text,41,,,,,"['0xea64'],/usr/src/repo/007smsdev/docs/SESSION_7_8_PART2_SUMMARY.md,text,150,,,- **Issue**: NCK stored unencrypted in NV 0xEA64"
['0xea64'],0xea64,60004,/usr/src/repo/007smsdev/analysis/nv_references.csv,text,42,,,,,"['0xea64'],/usr/src/repo/007smsdev/docs/SESSION_7_8_PART2_SUMMARY.md,text,188,,,nwcli read_nv 0xEA64 104"
['0xeaac'],0xeaac,60076,/usr/src/repo/007smsdev/analysis/nv_references.csv,text,43,,,,,"['0xeaac'],/usr/src/repo/007smsdev/docs/SESSION_7_8_PART2_SUMMARY.md,text,198,,,nwcli write_nv 0xEAAC 0  # Primary unlock"
['0xea62'],0xea62,60002,/usr/src/repo/007smsdev/analysis/nv_references.csv,text,44,,,,,"['0xea62'],/usr/src/repo/007smsdev/docs/SESSION_7_8_PART2_SUMMARY.md,text,199,,,nwcli write_nv 0xEA62 0  # Secondary unlock"
['0xeaac'],0xeaac,60076,/usr/src/repo/007smsdev/analysis/nv_references.csv,text,45,,,,,"['0xeaac'],/usr/src/repo/007smsdev/docs/SESSION_7_8_PART2_SUMMARY.md,text,222,return {,,""primary_lock = self.read_nv_item(0xEAAC, 1)"""
['0xea62'],0xea62,60002,/usr/src/repo/007smsdev/analysis/nv_references.csv,text,46,,,,,"['0xea62'],/usr/src/repo/007smsdev/docs/SESSION_7_8_PART2_SUMMARY.md,text,223,return {,,""secondary_lock = self.read_nv_item(0xEA62, 1)"""
"['0xea62', '0xeaac']",0xeaac,60076,/usr/src/repo/007smsdev/analysis/nv_references.csv,text,47,,,,,"""['0xeaac', '0xea62']"",/usr/src/repo/007smsdev/docs/SESSION_7_8_PART2_SUMMARY.md,text,325,,,- Can it be used to write NV 0xEAAC/0xEA62 safely?"
['0xea64'],0xea64,60004,/usr/src/repo/007smsdev/analysis/nv_references.csv,text,48,,,,,"['0xea64'],/usr/src/repo/007smsdev/docs/ARCHITECTURE_DIAGRAM.md,text,70,,,""‚îÇ  ‚îÇ   ‚îú‚îÄ Read NV 0xEA64 (master NCK, 104 bytes, PLAINTEXT!)             ‚îÇ"""
['0xeaac'],0xeaac,60076,/usr/src/repo/007smsdev/analysis/nv_references.csv,text,49,,,,,"['0xeaac'],/usr/src/repo/007smsdev/docs/ARCHITECTURE_DIAGRAM.md,text,72,,,‚îÇ  ‚îÇ   ‚îú‚îÄ If match: Write NV 0xEAAC = 0 (primary unlock)                 ‚îÇ"
['0xea62'],0xea62,60002,/usr/src/repo/007smsdev/analysis/nv_references.csv,text,50,,,,,"['0xea62'],/usr/src/repo/007smsdev/docs/ARCHITECTURE_DIAGRAM.md,text,73,,,‚îÇ  ‚îÇ   ‚îú‚îÄ If match: Write NV 0xEA62 = 0 (secondary unlock)               ‚îÇ"
['0xeaac'],0xeaac,60076,/usr/src/repo/007smsdev/analysis/nv_references.csv,text,51,,,,,"['0xeaac'],/usr/src/repo/007smsdev/docs/ARCHITECTURE_DIAGRAM.md,text,77,,,‚îÇ  ‚îÇ   ‚îú‚îÄ Read NV 0xEAAC (primary lock flag)                             ‚îÇ"
['0xea62'],0xea62,60002,/usr/src/repo/007smsdev/analysis/nv_references.csv,text,52,,,,,"['0xea62'],/usr/src/repo/007smsdev/docs/ARCHITECTURE_DIAGRAM.md,text,78,,,‚îÇ  ‚îÇ   ‚îú‚îÄ Read NV 0xEA62 (secondary lock flag)                           ‚îÇ"
['0xea64'],0xea64,60004,/usr/src/repo/007smsdev/analysis/nv_references.csv,text,53,,,,,"['0xea64'],/usr/src/repo/007smsdev/docs/ARCHITECTURE_DIAGRAM.md,text,246,,,""‚îÇ  ‚îÇ NV 0xEA64 (59,492) - Master NCK [104 bytes] ‚ö†Ô∏è  PLAINTEXT!     ‚îÇ    ‚îÇ"""
['0xeaac'],0xeaac,60076,/usr/src/repo/007smsdev/analysis/nv_references.csv,text,54,,,,,"['0xeaac'],/usr/src/repo/007smsdev/docs/ARCHITECTURE_DIAGRAM.md,text,251,,,""‚îÇ  ‚îÇ NV 0xEAAC (60,076) - Primary Lock Flag [1 byte]                ‚îÇ    ‚îÇ"""
['0xea62'],0xea62,60002,/usr/src/repo/007smsdev/analysis/nv_references.csv,text,55,,,,,"['0xea62'],/usr/src/repo/007smsdev/docs/ARCHITECTURE_DIAGRAM.md,text,256,,,""‚îÇ  ‚îÇ NV 0xEA62 (59,490) - Secondary Lock Flag [1 byte]              ‚îÇ    ‚îÇ"""
['0xea64'],0xea64,60004,/usr/src/repo/007smsdev/analysis/nv_references.csv,text,56,,,,,"['0xea64'],/usr/src/repo/007smsdev/docs/ARCHITECTURE_DIAGRAM.md,text,374,,,""‚îÇ  ‚îî‚îÄ nwqmi_nvtl_nv_item_read_cmd(0xEA64, nck_buffer, 0x68)"""
['0xea64'],0xea64,60004,/usr/src/repo/007smsdev/analysis/nv_references.csv,text,57,,,,,"['0xea64'],/usr/src/repo/007smsdev/docs/ARCHITECTURE_DIAGRAM.md,text,380,,,""‚îÇ    Baseband Modem: Read NV 0xEA64 (59,492)"""
['0xeaac'],0xeaac,60076,/usr/src/repo/007smsdev/analysis/nv_references.csv,text,58,,,,,"['0xeaac'],/usr/src/repo/007smsdev/docs/ARCHITECTURE_DIAGRAM.md,text,392,,,""‚îÇ  ‚îÇ  ‚îî‚îÄ nwqmi_nvtl_nv_item_write_cmd(0xEAAC, 0x00, 1)"""
['0xea62'],0xea62,60002,/usr/src/repo/007smsdev/analysis/nv_references.csv,text,59,,,,,"['0xea62'],/usr/src/repo/007smsdev/docs/ARCHITECTURE_DIAGRAM.md,text,396,,,""‚îÇ  ‚îÇ  ‚îî‚îÄ nwqmi_nvtl_nv_item_write_cmd(0xEA62, 0x00, 1)"""
['0xeaac'],0xeaac,60076,/usr/src/repo/007smsdev/analysis/nv_references.csv,text,60,,,,,"['0xeaac'],/usr/src/repo/007smsdev/docs/ARCHITECTURE_DIAGRAM.md,text,411,,,User: nwcli read_nv 0xEAAC 1"
['0xeaac'],0xeaac,60076,/usr/src/repo/007smsdev/analysis/nv_references.csv,text,61,,,,,"['0xeaac'],/usr/src/repo/007smsdev/docs/ARCHITECTURE_DIAGRAM.md,text,417,,,""libmal_qct.so::nwqmi_nvtl_nv_item_read_cmd(0xEAAC, buffer, 1)"""
['0xeaac'],0xeaac,60076,/usr/src/repo/007smsdev/analysis/nv_references.csv,text,62,,,,,"['0xeaac'],/usr/src/repo/007smsdev/docs/ARCHITECTURE_DIAGRAM.md,text,427,,,""‚îú‚îÄ Lookup NV item 0xEAAC (60,076)"""
['0xeaac'],0xeaac,60076,/usr/src/repo/007smsdev/analysis/nv_references.csv,text,63,,,,,"['0xeaac'],/usr/src/repo/007smsdev/docs/ARCHITECTURE_DIAGRAM.md,text,441,,,""Output: """"NV 0xEAAC = 0x00"""" (UNLOCKED)"""
['0xea64'],0xea64,60004,/usr/src/repo/007smsdev/analysis/nv_references.csv,text,64,,,,,"['0xea64'],/usr/src/repo/007smsdev/docs/ARCHITECTURE_DIAGRAM.md,text,484,,,‚îÇ   ‚îî‚îÄ nwcli read_nv 0xEA64 104 ‚Üí NCK revealed"
['0xeaac'],0xeaac,60076,/usr/src/repo/007smsdev/analysis/nv_references.csv,text,65,,,,,"['0xeaac'],/usr/src/repo/007smsdev/docs/ARCHITECTURE_DIAGRAM.md,text,487,,,‚îÇ   ‚îú‚îÄ nwcli write_nv 0xEAAC 0 ‚Üí Force primary unlock"
['0xea62'],0xea62,60002,/usr/src/repo/007smsdev/analysis/nv_references.csv,text,66,,,,,"['0xea62'],/usr/src/repo/007smsdev/docs/ARCHITECTURE_DIAGRAM.md,text,488,,,‚îÇ   ‚îî‚îÄ nwcli write_nv 0xEA62 0 ‚Üí Force secondary unlock"
"['0xea64', '0xea62', '0xeaac']",0xeaac,60076,/usr/src/repo/007smsdev/analysis/nv_references.csv,text,67,,,,,"""['0xeaac', '0xea62', '0xea64']"",/usr/src/repo/007smsdev/docs/ARCHITECTURE_DIAGRAM.md,text,520,,,""‚îÇ   ‚îú‚îÄ 0xEA64, 0xEAAC, 0xEA62, 0x0D89"""
['0xea64'],0xea64,60004,/usr/src/repo/007smsdev/analysis/nv_references.csv,text,68,,,,,"['0xea64'],/usr/src/repo/007smsdev/docs/UNLOCK_ALGORITHM_ANALYSIS.md,text,14,{,,""- **NV 59,492 (0xEA64)**: Stores the master NCK (104 bytes)"""
['0xeaac'],0xeaac,60076,/usr/src/repo/007smsdev/analysis/nv_references.csv,text,69,,,,,"['0xeaac'],/usr/src/repo/007smsdev/docs/UNLOCK_ALGORITHM_ANALYSIS.md,text,15,{,,""- **NV 60,076 (0xEAAC)**: Lock status flag (1 byte: 0=UNLOCKED, 1=LOCKED)"""
['0xea62'],0xea62,60002,/usr/src/repo/007smsdev/analysis/nv_references.csv,text,70,,,,,"['0xea62'],/usr/src/repo/007smsdev/docs/UNLOCK_ALGORITHM_ANALYSIS.md,text,16,{,,""- **NV 59,490 (0xEA62)**: Secondary lock control (1 byte)"""
['0xea64'],0xea64,60004,/usr/src/repo/007smsdev/analysis/nv_references.csv,text,71,,,,,"['0xea64'],/usr/src/repo/007smsdev/docs/UNLOCK_ALGORITHM_ANALYSIS.md,text,52,if (*(int *)(DAT_0003a1fc + 0x39f70) == 1) {,,""// **STEP 1: Read master NCK from NV item 59,492 (0xEA64)**"""
['0xea64'],0xea64,60004,/usr/src/repo/007smsdev/analysis/nv_references.csv,text,72,,,,,"['0xea64'],/usr/src/repo/007smsdev/docs/UNLOCK_ALGORITHM_ANALYSIS.md,text,53,if (*(int *)(DAT_0003a1fc + 0x39f70) == 1) {,,""local_c = nwqmi_nvtl_nv_item_read_cmd(0xea64, acStack_78, 0x68);"""
['0xeaac'],0xeaac,60076,/usr/src/repo/007smsdev/analysis/nv_references.csv,text,73,,,,,"['0xeaac'],/usr/src/repo/007smsdev/docs/UNLOCK_ALGORITHM_ANALYSIS.md,text,68,if (*(int *)(DAT_0003a1fc + 0x39f70) == 1) {,,""// **STEP 3: Write unlock flag to NV 60,076 (0xEAAC) = 0 (UNLOCKED)**"""
['0xeaac'],0xeaac,60076,/usr/src/repo/007smsdev/analysis/nv_references.csv,text,74,,,,,"['0xeaac'],/usr/src/repo/007smsdev/docs/UNLOCK_ALGORITHM_ANALYSIS.md,text,69,if (*(int *)(DAT_0003a1fc + 0x39f70) == 1) {,,""local_c = nwqmi_nvtl_nv_item_write_cmd(0xeaac, &local_d, 1);"""
['0xea62'],0xea62,60002,/usr/src/repo/007smsdev/analysis/nv_references.csv,text,75,,,,,"['0xea62'],/usr/src/repo/007smsdev/docs/UNLOCK_ALGORITHM_ANALYSIS.md,text,77,if (*(int *)(DAT_0003a1fc + 0x39f70) == 1) {,,""// **STEP 4: Write secondary unlock flag to NV 59,490 (0xEA62) = 0**"""
['0xea62'],0xea62,60002,/usr/src/repo/007smsdev/analysis/nv_references.csv,text,76,,,,,"['0xea62'],/usr/src/repo/007smsdev/docs/UNLOCK_ALGORITHM_ANALYSIS.md,text,78,if (*(int *)(DAT_0003a1fc + 0x39f70) == 1) {,,""local_c = nwqmi_nvtl_nv_item_write_cmd(0xea62, &local_d, 1);"""
['0xea64'],0xea64,60004,/usr/src/repo/007smsdev/analysis/nv_references.csv,text,77,,,,,"['0xea64'],/usr/src/repo/007smsdev/docs/UNLOCK_ALGORITHM_ANALYSIS.md,text,117,if (local_c == 0) {,,‚îÇ 2. Read Master NCK from NV 0xEA64           ‚îÇ"
['0xea64'],0xea64,60004,/usr/src/repo/007smsdev/analysis/nv_references.csv,text,78,,,,,"['0xea64'],/usr/src/repo/007smsdev/docs/UNLOCK_ALGORITHM_ANALYSIS.md,text,118,if (local_c == 0) {,,‚îÇ    nwqmi_nvtl_nv_item_read_cmd(0xea64)      ‚îÇ"
['0xeaac'],0xeaac,60076,/usr/src/repo/007smsdev/analysis/nv_references.csv,text,79,,,,,"['0xeaac'],/usr/src/repo/007smsdev/docs/UNLOCK_ALGORITHM_ANALYSIS.md,text,137,,,‚îÇ 4. Write NV 0xEAAC = 0 (Primary Unlock)     ‚îÇ"
['0xeaac'],0xeaac,60076,/usr/src/repo/007smsdev/analysis/nv_references.csv,text,80,,,,,"['0xeaac'],/usr/src/repo/007smsdev/docs/UNLOCK_ALGORITHM_ANALYSIS.md,text,138,,,""‚îÇ    nwqmi_nvtl_nv_item_write_cmd(0xeaac, 0)  ‚îÇ"""
['0xea62'],0xea62,60002,/usr/src/repo/007smsdev/analysis/nv_references.csv,text,81,,,,,"['0xea62'],/usr/src/repo/007smsdev/docs/UNLOCK_ALGORITHM_ANALYSIS.md,text,143,,,‚îÇ 5. Write NV 0xEA62 = 0 (Secondary Unlock)   ‚îÇ"
['0xea62'],0xea62,60002,/usr/src/repo/007smsdev/analysis/nv_references.csv,text,82,,,,,"['0xea62'],/usr/src/repo/007smsdev/docs/UNLOCK_ALGORITHM_ANALYSIS.md,text,144,,,""‚îÇ    nwqmi_nvtl_nv_item_write_cmd(0xea62, 0)  ‚îÇ"""
['0xeaac'],0xeaac,60076,/usr/src/repo/007smsdev/analysis/nv_references.csv,text,83,,,,,"['0xeaac'],/usr/src/repo/007smsdev/docs/UNLOCK_ALGORITHM_ANALYSIS.md,text,191,if (*(int *)(DAT_00039f28 + 0x39da4) == 1) {,,// **STEP 1: Read primary lock flag from NV 0xEAAC**"
['0xeaac'],0xeaac,60076,/usr/src/repo/007smsdev/analysis/nv_references.csv,text,84,,,,,"['0xeaac'],/usr/src/repo/007smsdev/docs/UNLOCK_ALGORITHM_ANALYSIS.md,text,192,if (*(int *)(DAT_00039f28 + 0x39da4) == 1) {,,""local_c = nwqmi_nvtl_nv_item_read_cmd(0xeaac, &local_d, 1);"""
['0xea62'],0xea62,60002,/usr/src/repo/007smsdev/analysis/nv_references.csv,text,85,,,,,"['0xea62'],/usr/src/repo/007smsdev/docs/UNLOCK_ALGORITHM_ANALYSIS.md,text,196,if (*(int *)(DAT_00039f28 + 0x39da4) == 1) {,,""local_c = nwqmi_nvtl_nv_item_read_cmd(0xea62, &local_d, 1);"""
['0xea64'],0xea64,60004,/usr/src/repo/007smsdev/analysis/nv_references.csv,text,86,,,,,"['0xea64'],/usr/src/repo/007smsdev/docs/UNLOCK_ALGORITHM_ANALYSIS.md,text,426,if (iVar1 == 0) {,,""| **0xEA64** | 59,492 | 104 bytes | **Master NCK storage (PLAINTEXT!)** | Set by carrier |"""
['0xeaac'],0xeaac,60076,/usr/src/repo/007smsdev/analysis/nv_references.csv,text,87,,,,,"['0xeaac'],/usr/src/repo/007smsdev/docs/UNLOCK_ALGORITHM_ANALYSIS.md,text,427,if (iVar1 == 0) {,,""| **0xEAAC** | 60,076 | 1 byte | **Primary lock flag** | 1 (LOCKED) |"""
['0xea62'],0xea62,60002,/usr/src/repo/007smsdev/analysis/nv_references.csv,text,88,,,,,"['0xea62'],/usr/src/repo/007smsdev/docs/UNLOCK_ALGORITHM_ANALYSIS.md,text,428,if (param_2 < 0x50) {,,""| **0xEA62** | 59,490 | 1 byte | **Secondary lock flag** | 1 (LOCKED) |"""
['0xea64'],0xea64,60004,/usr/src/repo/007smsdev/analysis/nv_references.csv,text,89,,,,,"['0xea64'],/usr/src/repo/007smsdev/docs/UNLOCK_ALGORITHM_ANALYSIS.md,text,440,,,- The NCK is stored in **plaintext** in NV item 0xEA64"
['0xeaac'],0xeaac,60076,/usr/src/repo/007smsdev/analysis/nv_references.csv,text,90,,,,,"['0xeaac'],/usr/src/repo/007smsdev/docs/UNLOCK_ALGORITHM_ANALYSIS.md,text,453,,,- `nwcli write_nv 0xEAAC 0` (primary unlock)"
['0xea62'],0xea62,60002,/usr/src/repo/007smsdev/analysis/nv_references.csv,text,91,,,,,"['0xea62'],/usr/src/repo/007smsdev/docs/UNLOCK_ALGORITHM_ANALYSIS.md,text,454,,,- `nwcli write_nv 0xEA62 0` (secondary unlock)"
['0xea64'],0xea64,60004,/usr/src/repo/007smsdev/analysis/nv_references.csv,text,92,,,,,"['0xea64'],/usr/src/repo/007smsdev/docs/UNLOCK_ALGORITHM_ANALYSIS.md,text,466,,,‚îÇ   ‚îú‚îÄ‚îÄ Read NV 0xEA64 ‚Üí Extract plaintext NCK"
"['0xea62', '0xeaac']",0xeaac,60076,/usr/src/repo/007smsdev/analysis/nv_references.csv,text,93,,,,,"""['0xeaac', '0xea62']"",/usr/src/repo/007smsdev/docs/UNLOCK_ALGORITHM_ANALYSIS.md,text,467,,,‚îÇ   ‚îî‚îÄ‚îÄ Write NV 0xEAAC/0xEA62 ‚Üí Force unlock"
['0xeaac'],0xeaac,60076,/usr/src/repo/007smsdev/analysis/nv_references.csv,text,94,,,,,"['0xeaac'],/usr/src/repo/007smsdev/docs/UNLOCK_ALGORITHM_ANALYSIS.md,text,525,,,‚îÇ nwcli read_nv 0xEAAC 1                      ‚îÇ"
['0xeaac'],0xeaac,60076,/usr/src/repo/007smsdev/analysis/nv_references.csv,text,95,,,,,"['0xeaac'],/usr/src/repo/007smsdev/docs/UNLOCK_ALGORITHM_ANALYSIS.md,text,568,return {,,""lock_flag = self.read_nv_item(0xEAAC, 1)  # Primary lock flag"""
"['0xea64', '0xea62', '0xeaac']",0xeaac,60076,/usr/src/repo/007smsdev/analysis/nv_references.csv,text,96,,,,,"""['0xeaac', '0xea62', '0xea64']"",/usr/src/repo/007smsdev/docs/UNLOCK_ALGORITHM_ANALYSIS.md,text,590,,,""# - write_nv() to lock-related NV items (0xEAAC, 0xEA62, 0xEA64)"""
"['0xea62', '0xeaac']",0xeaac,60076,/usr/src/repo/007smsdev/analysis/nv_references.csv,text,97,,,,,"""['0xeaac', '0xea62']"",/usr/src/repo/007smsdev/docs/UNLOCK_ALGORITHM_ANALYSIS.md,text,611,,,- Can this be used to write NV 0xEAAC/0xEA62 safely?"
['0xea64'],0xea64,60004,/usr/src/repo/007smsdev/analysis/nv_references.csv,text,98,,,,,"['0xea64'],/usr/src/repo/007smsdev/docs/SESSION_7_8_PART3_SUMMARY.md,text,135,,,""| **0xEA64** | 59,492 | Master NCK (104 bytes, PLAINTEXT) | Read in unlock function |"""
['0xeaac'],0xeaac,60076,/usr/src/repo/007smsdev/analysis/nv_references.csv,text,99,,,,,"['0xeaac'],/usr/src/repo/007smsdev/docs/SESSION_7_8_PART3_SUMMARY.md,text,136,,,""| **0xEAAC** | 60,076 | Primary lock flag (1 byte) | Read/Write in unlock |"""
['0xea62'],0xea62,60002,/usr/src/repo/007smsdev/analysis/nv_references.csv,text,100,,,,,"['0xea62'],/usr/src/repo/007smsdev/docs/SESSION_7_8_PART3_SUMMARY.md,text,137,,,""| **0xEA62** | 59,490 | Secondary lock flag (1 byte) | Read/Write in unlock |"""
['0xea64'],0xea64,60004,/usr/src/repo/007smsdev/analysis/nv_references.csv,text,101,,,,,"['0xea64'],/usr/src/repo/007smsdev/docs/SESSION_7_8_PART3_SUMMARY.md,text,359,,,""‚îÇ  ‚îÇ   ‚îú‚îÄ 0xEA64 (59,492): NCK (PLAINTEXT) ‚ö†Ô∏è                    ‚îÇ"""
['0xeaac'],0xeaac,60076,/usr/src/repo/007smsdev/analysis/nv_references.csv,text,102,,,,,"['0xeaac'],/usr/src/repo/007smsdev/docs/SESSION_7_8_PART3_SUMMARY.md,text,360,,,""‚îÇ  ‚îÇ   ‚îú‚îÄ 0xEAAC (60,076): Primary lock flag                     ‚îÇ"""
['0xea62'],0xea62,60002,/usr/src/repo/007smsdev/analysis/nv_references.csv,text,103,,,,,"['0xea62'],/usr/src/repo/007smsdev/docs/SESSION_7_8_PART3_SUMMARY.md,text,361,,,""‚îÇ  ‚îÇ   ‚îú‚îÄ 0xEA62 (59,490): Secondary lock flag                   ‚îÇ"""
['0xea64'],0xea64,60004,/usr/src/repo/007smsdev/analysis/nv_references.csv,text,104,,,,,"['0xea64'],/usr/src/repo/007smsdev/docs/SESSION_7_8_PART3_SUMMARY.md,text,392,,,""- **Legacy NV items**: Numeric IDs (0x0226, 0xEA64, etc.) - Direct memory access"""
['0xea64'],0xea64,60004,/usr/src/repo/007smsdev/analysis/nv_references.csv,text,105,,,,,"['0xea64'],/usr/src/repo/007smsdev/docs/SESSION_7_8_PART3_SUMMARY.md,text,405,,,nwqmi_nvtl_nv_item_read_cmd(0xEA64) ‚Üí Read master NCK (PLAINTEXT)"
['0xeaac'],0xeaac,60076,/usr/src/repo/007smsdev/analysis/nv_references.csv,text,106,,,,,"['0xeaac'],/usr/src/repo/007smsdev/docs/SESSION_7_8_PART3_SUMMARY.md,text,409,,,""nwqmi_nvtl_nv_item_write_cmd(0xEAAC, 0) ‚Üí Clear primary lock"""
['0xea62'],0xea62,60002,/usr/src/repo/007smsdev/analysis/nv_references.csv,text,107,,,,,"['0xea62'],/usr/src/repo/007smsdev/docs/SESSION_7_8_PART3_SUMMARY.md,text,410,,,""nwqmi_nvtl_nv_item_write_cmd(0xEA62, 0) ‚Üí Clear secondary lock"""
['0xea64'],0xea64,60004,/usr/src/repo/007smsdev/analysis/nv_references.csv,text,108,,,,,"['0xea64'],/usr/src/repo/007smsdev/docs/SESSION_7_8_PART3_SUMMARY.md,text,438,,,- NV 0xEA64 stores NCK as plaintext"
['0xea64'],0xea64,60004,/usr/src/repo/007smsdev/analysis/nv_references.csv,text,109,,,,,"['0xea64'],/usr/src/repo/007smsdev/docs/DOCUMENTATION_INDEX.md,text,331,,,- NCK stored as PLAINTEXT in NV 0xEA64"
['0xea64'],0xea64,60004,/usr/src/repo/007smsdev/analysis/nv_references.csv,text,110,,,,,"['0xea64'],/usr/src/repo/007smsdev/docs/DOCUMENTATION_INDEX.md,text,344,,,""- Legacy NV items: Numeric IDs (0x0226, 0xEA64, etc.)"""
"['0xea64', '60004']",0xea64,60004,/usr/src/repo/007smsdev/analysis/nv_references.csv,text,111,,,,,"""['60004', '0xea64']"",/usr/src/repo/007smsdev/docs/NCK_GHIDRA_ANALYSIS.md,text,7,,,how the baseband reads the master NCK (NV 0xEA64 / 60004) and validates SPC/NCK verification."
"['0xea64', '60004']",0xea64,60004,/usr/src/repo/007smsdev/analysis/nv_references.csv,text,112,,,,,"""['60004', '0xea64']"",/usr/src/repo/007smsdev/docs/NCK_GHIDRA_ANALYSIS.md,text,11,,,- The function modem2_modem_carrier_unlock() in libmal_qct or libmodem2 reads NV 0xEA64 (60004) and compares"
"['0xea62', '0xeaac']",0xeaac,60076,/usr/src/repo/007smsdev/analysis/nv_references.csv,text,113,,,,,"""['0xeaac', '0xea62']"",/usr/src/repo/007smsdev/docs/NCK_GHIDRA_ANALYSIS.md,text,15,,,""- modem2_modem_carrier_unlock (unlock/compare, writes lock flags 0xEAAC and 0xEA62 on success)"""
['0xea64'],0xea64,60004,/usr/src/repo/007smsdev/analysis/nv_references.csv,text,114,,,,,"['0xea64'],/usr/src/repo/007smsdev/docs/NCK_GHIDRA_ANALYSIS.md,text,21,,,""- docs/ARCHITECTURE_DIAGRAM.md documents NV 0xEA64 reading: """"Read NV 0xEA64 (master NCK, 104 bytes, PLAINTEXT!)"""""""
"['0xea64', '0xea62', '0xeaac']",0xeaac,60076,/usr/src/repo/007smsdev/analysis/nv_references.csv,text,115,,,,,"""['0xeaac', '0xea62', '0xea64']"",/usr/src/repo/007smsdev/docs/NCK_GHIDRA_ANALYSIS.md,text,23,,,""modem2_modem_carrier_unlock with operand usages referencing NV 0xEA64, 0xEAAC, and 0xEA62 (r0, #0xea64)."
"['0xea64', '60004']",0xea64,60004,/usr/src/repo/007smsdev/analysis/nv_references.csv,text,116,,,,,"""['60004', '0xea64']"",/usr/src/repo/007smsdev/docs/NCK_GHIDRA_ANALYSIS.md,text,28,,,- The baseband stores the master NCK as plaintext in NV 0xEA64 (60004 decimal). This is a security risk if"
"['0xea62', '0xeaac']",0xeaac,60076,/usr/src/repo/007smsdev/analysis/nv_references.csv,text,117,,,,,"""['0xeaac', '0xea62']"",/usr/src/repo/007smsdev/docs/NCK_GHIDRA_ANALYSIS.md,text,34,,,""- Because there are multiple NV lock flags (0xEAAC, 0xEA62) that are written on success, write operations are"""
"['0xea64', '0xea62', '60004', '0xeaac']",0xeaac,60076,/usr/src/repo/007smsdev/analysis/nv_references.csv,text,118,,,,,"""['0xeaac', '0xea62', '60004', '0xea64']"",/usr/src/repo/007smsdev/docs/NCK_GHIDRA_ANALYSIS.md,text,39,,,""- NV item IDs: 0xEA64 (decimal 60004), 0xEAAC, 0xEA62 (lock flags), 60044 (PRI version)"""
['0xea64'],0xea64,60004,/usr/src/repo/007smsdev/analysis/nv_references.csv,text,119,,,,,"['0xea64'],/usr/src/repo/007smsdev/docs/NCK_GHIDRA_ANALYSIS.md,text,59,,,""If you want, I can add more automated cross-checks into our tooling (e.g., detect NV 0xEA64 presence on device and"""
['0xeaac'],0xeaac,60076,/usr/src/repo/007smsdev/analysis/nv_references.csv,text,120,,,,,"['0xeaac'],/usr/src/repo/007smsdev/docs/SAFE_OPERATIONS_GUIDE.md,text,18,,,""nwcli read_nv 0xEAAC 1  # Primary lock flag (0=unlocked, 1=locked)"""
['0xea62'],0xea62,60002,/usr/src/repo/007smsdev/analysis/nv_references.csv,text,121,,,,,"['0xea62'],/usr/src/repo/007smsdev/docs/SAFE_OPERATIONS_GUIDE.md,text,19,,,nwcli read_nv 0xEA62 1  # Secondary lock flag"
['0xea64'],0xea64,60004,/usr/src/repo/007smsdev/analysis/nv_references.csv,text,122,,,,,"['0xea64'],/usr/src/repo/007smsdev/docs/SAFE_OPERATIONS_GUIDE.md,text,129,,,1. Reads master NCK from NV 0xEA64"
['0xeaac'],0xeaac,60076,/usr/src/repo/007smsdev/analysis/nv_references.csv,text,123,,,,,"['0xeaac'],/usr/src/repo/007smsdev/docs/SAFE_OPERATIONS_GUIDE.md,text,132,,,- Writes NV 0xEAAC = 0 (primary unlock)"
['0xea62'],0xea62,60002,/usr/src/repo/007smsdev/analysis/nv_references.csv,text,124,,,,,"['0xea62'],/usr/src/repo/007smsdev/docs/SAFE_OPERATIONS_GUIDE.md,text,133,,,- Writes NV 0xEA62 = 0 (secondary unlock)"
['0xea64'],0xea64,60004,/usr/src/repo/007smsdev/analysis/nv_references.csv,text,125,,,,,"['0xea64'],/usr/src/repo/007smsdev/docs/SAFE_OPERATIONS_GUIDE.md,text,147,,,""- 0xEA64 (59,492): Master NCK storage"""
['0xeaac'],0xeaac,60076,/usr/src/repo/007smsdev/analysis/nv_references.csv,text,126,,,,,"['0xeaac'],/usr/src/repo/007smsdev/docs/SAFE_OPERATIONS_GUIDE.md,text,148,,,""- 0xEAAC (60,076): Primary lock flag"""
['0xea62'],0xea62,60002,/usr/src/repo/007smsdev/analysis/nv_references.csv,text,127,,,,,"['0xea62'],/usr/src/repo/007smsdev/docs/SAFE_OPERATIONS_GUIDE.md,text,149,,,""- 0xEA62 (59,490): Secondary lock flag"""
['0xeaac'],0xeaac,60076,/usr/src/repo/007smsdev/analysis/nv_references.csv,text,128,,,,,"['0xeaac'],/usr/src/repo/007smsdev/docs/SAFE_OPERATIONS_GUIDE.md,text,163,,,nwcli read_nv 0xEAAC 1"
['0xeaac'],0xeaac,60076,/usr/src/repo/007smsdev/analysis/nv_references.csv,text,129,,,,,"['0xeaac'],/usr/src/repo/007smsdev/docs/SAFE_OPERATIONS_GUIDE.md,text,224,,,nwcli read_nv 0xEAAC 1 > lock_status_backup.txt"
['0xea62'],0xea62,60002,/usr/src/repo/007smsdev/analysis/nv_references.csv,text,130,,,,,"['0xea62'],/usr/src/repo/007smsdev/docs/SAFE_OPERATIONS_GUIDE.md,text,225,,,nwcli read_nv 0xEA62 1 >> lock_status_backup.txt"
['0xeaac'],0xeaac,60076,/usr/src/repo/007smsdev/analysis/nv_references.csv,text,131,,,,,"['0xeaac'],/usr/src/repo/007smsdev/docs/SAFE_OPERATIONS_GUIDE.md,text,285,,,nwcli read_nv 0xEAAC 1  # Should be 0x00"
['0xea62'],0xea62,60002,/usr/src/repo/007smsdev/analysis/nv_references.csv,text,132,,,,,"['0xea62'],/usr/src/repo/007smsdev/docs/SAFE_OPERATIONS_GUIDE.md,text,286,,,nwcli read_nv 0xEA62 1  # Should be 0x00"
['0xeaac'],0xeaac,60076,/usr/src/repo/007smsdev/analysis/nv_references.csv,text,133,,,,,"['0xeaac'],/usr/src/repo/007smsdev/docs/SAFE_OPERATIONS_GUIDE.md,text,359,""def check_unlock_status_safe(self) -> Dict[str, Any]:"",,nwcli read_nv 0xEAAC 1"
['0xea62'],0xea62,60002,/usr/src/repo/007smsdev/analysis/nv_references.csv,text,134,,,,,"['0xea62'],/usr/src/repo/007smsdev/docs/SAFE_OPERATIONS_GUIDE.md,text,360,""def check_unlock_status_safe(self) -> Dict[str, Any]:"",,nwcli read_nv 0xEA62 1"
['0xeaac'],0xeaac,60076,/usr/src/repo/007smsdev/analysis/nv_references.csv,text,135,,,,,"['0xeaac'],/usr/src/repo/007smsdev/docs/SAFE_OPERATIONS_GUIDE.md,text,386,return {,,""'primary_lock': int,     # NV 0xEAAC value (0 or 1)"""
['0xea62'],0xea62,60002,/usr/src/repo/007smsdev/analysis/nv_references.csv,text,136,,,,,"['0xea62'],/usr/src/repo/007smsdev/docs/SAFE_OPERATIONS_GUIDE.md,text,387,return {,,""'secondary_lock': int,   # NV 0xEA62 value (0 or 1)"""
['0xeaac'],0xeaac,60076,/usr/src/repo/007smsdev/analysis/nv_references.csv,text,137,,,,,"['0xeaac'],/usr/src/repo/007smsdev/docs/SAFE_OPERATIONS_GUIDE.md,text,394,return {,,""primary = self.read_nv_item(0xEAAC, 1)"""
['0xea62'],0xea62,60002,/usr/src/repo/007smsdev/analysis/nv_references.csv,text,138,,,,,"['0xea62'],/usr/src/repo/007smsdev/docs/SAFE_OPERATIONS_GUIDE.md,text,395,return {,,""secondary = self.read_nv_item(0xEA62, 1)"""
['0xea64'],0xea64,60004,/usr/src/repo/007smsdev/analysis/nv_references.csv,text,139,,,,,"['0xea64'],/usr/src/repo/007smsdev/docs/SAFE_OPERATIONS_GUIDE.md,text,474,,,""| **0xEA64** | 59,492 | 104 bytes | Master NCK (plaintext) | ‚úÖ Yes | ‚ùå NO |"""
['0xeaac'],0xeaac,60076,/usr/src/repo/007smsdev/analysis/nv_references.csv,text,140,,,,,"['0xeaac'],/usr/src/repo/007smsdev/docs/SAFE_OPERATIONS_GUIDE.md,text,475,,,""| **0xEAAC** | 60,076 | 1 byte | Primary lock flag | ‚úÖ Yes | ‚ùå NO |"""
['0xea62'],0xea62,60002,/usr/src/repo/007smsdev/analysis/nv_references.csv,text,141,,,,,"['0xea62'],/usr/src/repo/007smsdev/docs/SAFE_OPERATIONS_GUIDE.md,text,476,,,""| **0xEA62** | 59,490 | 1 byte | Secondary lock flag | ‚úÖ Yes | ‚ùå NO |"""
['0xeaac'],0xeaac,60076,/usr/src/repo/007smsdev/analysis/nv_references.csv,text,142,,,,,"['0xeaac'],/usr/src/repo/007smsdev/docs/SAFE_OPERATIONS_GUIDE.md,text,497,,,nwcli read_nv 0xEAAC 1               # Read primary lock flag"
['0xea62'],0xea62,60002,/usr/src/repo/007smsdev/analysis/nv_references.csv,text,143,,,,,"['0xea62'],/usr/src/repo/007smsdev/docs/SAFE_OPERATIONS_GUIDE.md,text,498,,,nwcli read_nv 0xEA62 1               # Read secondary lock flag"
"['0xea64', '60004']",0xea64,60004,/usr/src/repo/007smsdev/analysis/nv_references.csv,text,144,,,,,"""['60004', '0xea64']"",/usr/src/repo/007smsdev/analysis/DEVICE_DECOMPILATION_REPORT.md,text,312,int modem2_modem_carrier_unlock(const char *user_pin) {,,// 2. Read stored PIN from NV item 60004 (0xEA64"
['60004'],0xea64,60004,/usr/src/repo/007smsdev/analysis/nv_references.csv,text,145,,,,,"['60004'],/usr/src/repo/007smsdev/analysis/DEVICE_DECOMPILATION_REPORT.md,text,313,int modem2_modem_carrier_unlock(const char *user_pin) {,,""result = nwqmi_nvtl_nv_item_read_cmd(60004, stored_pin, 0x6"
"['60076', '0xeaac']",0xeaac,60076,/usr/src/repo/007smsdev/analysis/nv_references.csv,text,146,,,,,"""['0xeaac', '60076']"",/usr/src/repo/007smsdev/analysis/DEVICE_DECOMPILATION_REPORT.md,text,317,int modem2_modem_carrier_unlock(const char *user_pin) {,,// 4. PIN matches - Write unlock flag to NV 6007"
['60076'],0xeaac,60076,/usr/src/repo/007smsdev/analysis/nv_references.csv,text,147,,,,,"['60076'],/usr/src/repo/007smsdev/analysis/DEVICE_DECOMPILATION_REPORT.md,text,318,int modem2_modem_carrier_unlock(const char *user_pin) {,,""result = nwqmi_nvtl_nv_item_write_cmd(60076, &unlock_flag, "
"['0xea62', '60002']",0xea62,60002,/usr/src/repo/007smsdev/analysis/nv_references.csv,text,148,,,,,"""['60002', '0xea62']"",/usr/src/repo/007smsdev/analysis/DEVICE_DECOMPILATION_REPORT.md,text,321,int modem2_modem_carrier_unlock(const char *user_pin) {,,// 5. Write second unlock flag to NV 60002 (0xEA"
['60002'],0xea62,60002,/usr/src/repo/007smsdev/analysis/nv_references.csv,text,149,,,,,"['60002'],/usr/src/repo/007smsdev/analysis/DEVICE_DECOMPILATION_REPORT.md,text,322,int modem2_modem_carrier_unlock(const char *user_pin) {,,""result = nwqmi_nvtl_nv_item_write_cmd(60002, &unlock_flag, "
"['0xea64', '60004']",0xea64,60004,/usr/src/repo/007smsdev/analysis/nv_references.csv,text,150,,,,,"""['60004', '0xea64']"",/usr/src/repo/007smsdev/analysis/DEVICE_DECOMPILATION_REPORT.md,text,336,int modem2_modem_carrier_unlock(const char *user_pin) {,,| 60004 | 0xEA64 | Carrier Lock PIN Storage | Pr"
"['60076', '0xeaac']",0xeaac,60076,/usr/src/repo/007smsdev/analysis/nv_references.csv,text,151,,,,,"""['0xeaac', '60076']"",/usr/src/repo/007smsdev/analysis/DEVICE_DECOMPILATION_REPORT.md,text,337,int modem2_modem_carrier_unlock(const char *user_pin) {,,| 60076 | 0xEAAC | Unlock Flag 1 | Protected |"
"['0xea62', '60002']",0xea62,60002,/usr/src/repo/007smsdev/analysis/nv_references.csv,text,152,,,,,"""['60002', '0xea62']"",/usr/src/repo/007smsdev/analysis/DEVICE_DECOMPILATION_REPORT.md,text,338,int modem2_modem_carrier_unlock(const char *user_pin) {,,| 60002 | 0xEA62 | Unlock Flag 2 | Protected |"
['60004'],0xea64,60004,/usr/src/repo/007smsdev/analysis/nv_references.csv,text,153,,,,,"['60004'],/usr/src/repo/007smsdev/analysis/DEVICE_DECOMPILATION_REPORT.md,text,343,if (g_modem2_modem != 1) {,,2. **Device reads stored PIN** from NV item 60004"
"['60076', '60002']",0xea62,60002,/usr/src/repo/007smsdev/analysis/nv_references.csv,text,154,,,,,"""['60002', '60076']"",/usr/src/repo/007smsdev/analysis/DEVICE_DECOMPILATION_REPORT.md,text,345,if (g_modem2_modem != 1) {,,4. **If match**: Write unlock flags to NV 60076 and 60002"
"['60004', '60076', '60002']",0xea62,60002,/usr/src/repo/007smsdev/analysis/nv_references.csv,text,155,,,,,"""['60002', '60004', '60076']"",/usr/src/repo/007smsdev/analysis/DEVICE_DECOMPILATION_REPORT.md,text,376,,,""3. ‚úÖ **Located** critical NV items (60004, 60076, 60002)"""
"['0xea64', '0xea62', '0xeaac']",0xeaac,60076,/usr/src/repo/007smsdev/analysis/nv_references.csv,text,156,,,,,"""['0xeaac', '0xea62', '0xea64']"",/usr/src/repo/007smsdev/analysis/extract_nv_references.py,text,7,,,python analysis/extract_nv_references.py [--nv 0xEA64 0xEAAC 0xEA62] [--csv out.csv]"
"['0xea64', '0xea62', '0xeaac']",0xeaac,60076,/usr/src/repo/007smsdev/analysis/nv_references.csv,text,157,,,,,"""['0xeaac', '0xea62', '0xea64']"",/usr/src/repo/007smsdev/analysis/extract_nv_references.py,text,24,,,""DEFAULT_HEX = [""""0xEA64"""", """"0xEAAC"""", """"0xEA62""""]"""
['60004'],0xea64,60004,/usr/src/repo/007smsdev/analysis/nv_references.csv,text,158,,,,,"['60004'],/usr/src/repo/007smsdev/analysis/extract_nv_references.py,text,28,""def find_in_text(path: Path, nvset: set) -> List[Tuple[int, str]]:"",,# We'll also search for local filename hints like nv_6"
['0xea64'],0xea64,60004,/usr/src/repo/007smsdev/analysis/nv_references.csv,text,159,,,,,"['0xea64'],/usr/src/repo/007smsdev/analysis/extract_nv_references.py,text,209,,,""parser.add_argument(""""--nv"""", nargs=""""*"""", default=DEFAULT_HEX, help=""""NV items (hex), e.g. 0xEA64"""")"""
"['0xea64', '0xea62', '0xeaac']",0xeaac,60076,/usr/src/repo/007smsdev/analysis/nv_references.csv,text,160,,,,,"""['0xeaac', '0xea62', '0xea64']"",/usr/src/repo/007smsdev/.github/copilot-instructions.md,text,51,,,""- Never write to these NV items without an explicit `DO IT`: `0xEA64`, `0xEAAC`, `0xEA62`, `0x0D89`."
"['0xea64', '0xea62', '0xeaac']",0xeaac,60076,/usr/src/repo/007smsdev/analysis/nv_references.csv,text,161,,,,,"""['0xeaac', '0xea62', '0xea64']"",/usr/src/repo/007smsdev/.github/copilot-instructions.md,text,120,when (msg.type) {,,""- Do NOT write to the following NV items without explicit sign-off: 0xEA64 (NCK), "
"['0xea64', '0xea62', '0xeaac']",0xeaac,60076,/usr/src/repo/007smsdev/analysis/nv_references.csv,text,162,,,,,"""['0xeaac', '0xea62', '0xea64']"",/usr/src/repo/007smsdev/.github/copilot-instructions.md,text,188,,,""- DO NOT write NV items: 0xEA64 (NCK), 0xEAAC, 0xEA62, 0x0D89 (lock flags) without explicit sign-of"
"['0xea64', '0xea62', '0xeaac']",0xeaac,60076,/usr/src/repo/007smsdev/analysis/nv_references.csv,text,163,,,,,"""['0xeaac', '0xea62', '0xea64']"",/usr/src/repo/007smsdev/.github/copilot-instructions.md,text,248,,,""- NV items to never write: NV 0xEA64 (NCK), 0xEAAC / 0xEA62 / 0x0D89 (lock flags). If in doubt, con"
['0xea64'],0xea64,60004,/usr/src/repo/007smsdev/analysis/nv_references.csv,text,164,,,,,"['0xea64'],/usr/src/repo/007smsdev/mifi_backup/proprietary_analysis/libraries/PHASE6A_DISASSEMBLY_ANALYSIS.json,json,,,target_function_analysis/modem2_modem_carrier_unlock/instructions/[58]/operands,"""
['0xeaac'],0xeaac,60076,/usr/src/repo/007smsdev/analysis/nv_references.csv,text,165,,,,,"['0xeaac'],/usr/src/repo/007smsdev/mifi_backup/proprietary_analysis/libraries/PHASE6A_DISASSEMBLY_ANALYSIS.json,json,,,target_function_analysis/modem2_modem_get_carrier_unlock_status/instructions/[51]"
['0xea62'],0xea62,60002,/usr/src/repo/007smsdev/analysis/nv_references.csv,text,166,,,,,"['0xea62'],/usr/src/repo/007smsdev/mifi_backup/proprietary_analysis/libraries/PHASE6A_DISASSEMBLY_ANALYSIS.json,json,,,target_function_analysis/modem2_modem_get_carrier_unlock_status/instructions/[63]"
['60076'],0xeaac,60076,/usr/src/repo/007smsdev/analysis/nv_references.csv,text,167,,,,,"['60076'],/usr/src/repo/007smsdev/mifi_backup/opt/nvtl/log/system_log,text,30928,,,""Jan 20 15:13:50 (none) modem2d: [MDM_NWQMI]:[err] - nwqmi_nvtl_nv_item_read_cmd_ex: Failed to read NV=[60076], Index"
['60076'],0xeaac,60076,/usr/src/repo/007smsdev/analysis/nv_references.csv,text,168,,,,,"['60076'],/usr/src/repo/007smsdev/mifi_backup/opt/nvtl/log/system_log,text,30975,,,""Jan 20 15:14:24 (none) modem2d: [MDM_NWQMI]:[err] - nwqmi_nvtl_nv_item_read_cmd_ex: Failed to read NV=[60076], Index"
"['0xea64', '0xea62', '0xeaac']",0xeaac,60076,/usr/src/repo/007smsdev/analysis/nv_references.csv,text,169,,,,,"""['0xeaac', '0xea62', '0xea64']"",/usr/src/repo/007smsdev/analysis/decompiled/libmal_qct_analysis.txt,text,22,,,""{'.*validate_spc.*': [{'address': 'EXTERNAL:00000073', 'name': u'nwqmi_dms_validate_spc'"
['0xea64'],0xea64,60004,/usr/src/repo/007smsdev/analysis/nv_references.csv,text,170,,,,,"['0xea64'],/usr/src/repo/007smsdev/analysis/decompiled/unlock_functions.c,text,45,if (*(int *)(DAT_0003a1fc + 0x39f70) == 1) {,,""local_c = nwqmi_nvtl_nv_item_read_cmd(0xea64,acStack_78,0x68);"""
['0xeaac'],0xeaac,60076,/usr/src/repo/007smsdev/analysis/nv_references.csv,text,171,,,,,"['0xeaac'],/usr/src/repo/007smsdev/analysis/decompiled/unlock_functions.c,text,63,if (*(int *)(DAT_0003a1fc + 0x39f70) == 1) {,,""local_c = nwqmi_nvtl_nv_item_write_cmd(0xeaac,&local_d,1);"""
['0xea62'],0xea62,60002,/usr/src/repo/007smsdev/analysis/nv_references.csv,text,172,,,,,"['0xea62'],/usr/src/repo/007smsdev/analysis/decompiled/unlock_functions.c,text,73,if (iVar2 == 0) {,,""local_c = nwqmi_nvtl_nv_item_write_cmd(0xea62,&local_d,1);"""
['0xeaac'],0xeaac,60076,/usr/src/repo/007smsdev/analysis/nv_references.csv,text,173,,,,,"['0xeaac'],/usr/src/repo/007smsdev/analysis/decompiled/unlock_functions.c,text,144,if (*(int *)(DAT_00039f28 + 0x39da4) == 1) {,,""local_c = nwqmi_nvtl_nv_item_read_cmd(0xeaac,&local_d,1);"""
['0xea62'],0xea62,60002,/usr/src/repo/007smsdev/analysis/nv_references.csv,text,174,,,,,"['0xea62'],/usr/src/repo/007smsdev/analysis/decompiled/unlock_functions.c,text,148,if (*(int *)(DAT_00039f28 + 0x39da4) == 1) {,,""local_c = nwqmi_nvtl_nv_item_read_cmd(0xea62,&local_d,1);"""
['0xea62'],0xea62,60002,/usr/src/repo/007smsdev/analysis/nv_references.csv,text,175,,,,,"['0xea62'],/usr/src/repo/007smsdev/analysis/rizin_analysis/carrier_unlock_status_disasm.txt,text,96,,,[38;2;0;128;128mŒì√∂√©[0m     [38;2;0;128;128mŒì√∂√©[0m[38;2;0;128;128mŒì√∂√©[0m[38;2;0;128;128mŒì√∂√©"
['0xea62'],0xea62,60002,/usr/src/repo/007smsdev/analysis/nv_references.csv,text,176,,,,,"['0xea62'],/usr/src/repo/007smsdev/analysis/rizin_analysis/carrier_unlock_disasm.txt,text,180,,,[38;2;0;128;128mŒì√∂√©[0m     [38;2;0;128;128mŒì√∂√©[0m[38;2;0;128;128mŒì√∂√©[0m[38;2;0;128;128mŒì√∂√©[0m   "
['60004'],0xea64,60004,/usr/src/repo/007smsdev/analysis/nv_references.csv,text,177,,,,,"['60004'],/usr/src/repo/007smsdev/tools/tests/test_mifi_controller_safety.py,text,53,""def fake_find(nv, root=None):"",,# Prepare a backup folder and nv_60004.bin"
['60004'],0xea64,60004,/usr/src/repo/007smsdev/analysis/nv_references.csv,text,178,,,,,"['60004'],/usr/src/repo/007smsdev/tools/tests/test_mifi_controller_safety.py,text,56,""def fake_find(nv, root=None):"",,""nv_file = backup_dir / """"nv_60004.bin"""""""
['60004'],0xea64,60004,/usr/src/repo/007smsdev/analysis/nv_references.csv,text,179,,,,,"['60004'],/usr/src/repo/007smsdev/tools/tests/test_mifi_controller_safety.py,text,83,""def test_pri_override_nv_dry_run(monkeypatch, tmp_path):"",,""assert (backup_dir / """"nv_60004.bin"""").exists()"""
['60004'],0xea64,60004,/usr/src/repo/007smsdev/analysis/nv_references.csv,text,180,,,,,"['60004'],/usr/src/repo/007smsdev/tools/tests/test_mifi_controller_safety.py,text,105,,,""ok, msg = mc.pri_override_nv(60004, """"NEWVALUE"""", confirm_flag=True)"""
"['0xea64', '60004']",0xea64,60004,/usr/src/repo/007smsdev/analysis/nv_references.csv,text,181,,,,,"""['60004', '0xea64']"",/usr/src/repo/007smsdev/tools/__pycache__/mifi_controller.cpython-313.pyc,text,690,,,  -  U	S   -    34$ )a  Attempt to read and display the master NCK (NV 0xEA64 / 60004"
['60004'],0xea64,60004,/usr/src/repo/007smsdev/analysis/nv_references.csv,text,182,,,,,"['60004'],/usr/src/repo/007smsdev/tools/__pycache__/mifi_controller.cpython-313.pyc,text,2775,,,  z#NV item id to override (e.g. 60004)r]  z/New value: ascii or hex string (prefix with 0x))r  r  "
['60004'],0xea64,60004,/usr/src/repo/007smsdev/analysis/nv_references.csv,text,183,,,,,"['60004'],/usr/src/repo/007smsdev/tools/tests/__pycache__/test_mifi_controller_safety.cpython-313-pytest-8.3.5.pyc,text,198,,,nv_60004.bins   BACKUP_NCK_9999c                 $   > TR          "
['0xeaac'],0xeaac,60076,/usr/src/repo/007smsdev/analysis/nv_references.csv,text,184,,,,,"['0xeaac'],/usr/src/repo/007smsdev/FX2000/analysis/readelf_all.txt,text,223332,,,0xeaac: @0x10264"
['60004'],0xea64,60004,/usr/src/repo/007smsdev/analysis/nv_references.csv,text,185,,,,,"['60004'],/usr/src/repo/007smsdev/FX2000/analysis/for_ghidra.tar,text,1159209,,,""<3>[   81.124649] [hostapd][0x60004d66][22:38:27.876325] wlan: [2396:E:SAP] wlansap_set_dfs_preferred_channel_location:"
['60004'],0xea64,60004,/usr/src/repo/007smsdev/analysis/nv_references.csv,text,186,,,,,"['60004'],/usr/src/repo/007smsdev/FX2000/analysis/strings/FX2000_opt_nvtl_log_crash_2_0,text,1133,,,""<3>[   81.124649] [hostapd][0x60004d66][22:38:27.876325] wlan: [2396:E:SAP] wlansap_set_dfs_preferr"
['60004'],0xea64,60004,/usr/src/repo/007smsdev/analysis/nv_references.csv,text,187,,,,,"['60004'],/usr/src/repo/007smsdev/FX2000/analysis/ghidra_input/FX2000/opt/nvtl/log/crash/2/0,text,1133,,,""<3>[   81.124649] [hostapd][0x60004d66][22:38:27.876325] wlan: [2396:E:SAP] wlansap_set_dfs_pr"
['60004'],0xea64,60004,/usr/src/repo/007smsdev/analysis/nv_references.csv,text,188,,,,,"['60004'],/usr/src/repo/007smsdev/FX2000/analysis/ghidra_project/FX2000_project.rep/idata/01/~0000001d.db/db.1.gbf,text,2428,,,caseD_60004               8xG           "
['60002'],0xea62,60002,/usr/src/repo/007smsdev/analysis/nv_references.csv,text,189,,,,,"['60002'],/usr/src/repo/007smsdev/FX2000/analysis/ghidra_project/FX2000_project.rep/idata/01/~0000001d.db/db.1.gbf,text,2430,,,caseD_60002               8x	           "
['60004'],0xea64,60004,/usr/src/repo/007smsdev/analysis/nv_references.csv,text,190,,,,,"['60004'],/usr/src/repo/007smsdev/FX2000/analysis/ghidra_project/FX2000_project.rep/idata/01/~0000001d.db/db.1.gbf,text,2565,,,caseD_60004          "
['60002'],0xea62,60002,/usr/src/repo/007smsdev/analysis/nv_references.csv,text,191,,,,,"['60002'],/usr/src/repo/007smsdev/FX2000/analysis/ghidra_project/FX2000_project.rep/idata/01/~0000001d.db/db.1.gbf,text,2567,,,caseD_60002          "
['60004'],0xea64,60004,/usr/src/repo/007smsdev/analysis/nv_references.csv,text,192,,,,,"['60004'],/usr/src/repo/007smsdev/FX2000/analysis/ghidra_project/FX2000_project.rep/idata/01/~0000001d.db/db.1.gbf,text,3585,,,caseD_60004   ph0d  t          "
['60002'],0xea62,60002,/usr/src/repo/007smsdev/analysis/nv_references.csv,text,193,,,,,"['60002'],/usr/src/repo/007smsdev/FX2000/analysis/ghidra_project/FX2000_project.rep/idata/01/~0000001d.db/db.1.gbf,text,3587,,,caseD_60002   ph0d  t          "
['60004'],0xea64,60004,/usr/src/repo/007smsdev/analysis/nv_references.csv,text,194,,,,,"['60004'],/usr/src/repo/007smsdev/FX2000/opt/nvtl/log/crash/2/0,text,1133,,,""<3>[   81.124649] [hostapd][0x60004d66][22:38:27.876325] wlan: [2396:E:SAP] wlansap_set_dfs_preferred_channel_location: 217"
"['0xea64', '60004']",0xea64,60004,/usr/src/repo/007smsdev/analysis/DEVICE_DECOMPILATION_REPORT.md,text,312,int modem2_modem_carrier_unlock(const char *user_pin) {,,,,// 2. Read stored PIN from NV item 60004 (0xEA64)
['60004'],0xea64,60004,/usr/src/repo/007smsdev/analysis/DEVICE_DECOMPILATION_REPORT.md,text,313,int modem2_modem_carrier_unlock(const char *user_pin) {,,,,"result = nwqmi_nvtl_nv_item_read_cmd(60004, stored_pin, 0x68);"
"['60076', '0xeaac']",0xeaac,60076,/usr/src/repo/007smsdev/analysis/DEVICE_DECOMPILATION_REPORT.md,text,317,int modem2_modem_carrier_unlock(const char *user_pin) {,,,,// 4. PIN matches - Write unlock flag to NV 60076 (0xEAAC)
['60076'],0xeaac,60076,/usr/src/repo/007smsdev/analysis/DEVICE_DECOMPILATION_REPORT.md,text,318,int modem2_modem_carrier_unlock(const char *user_pin) {,,,,"result = nwqmi_nvtl_nv_item_write_cmd(60076, &unlock_flag, 1);"
"['0xea62', '60002']",0xea62,60002,/usr/src/repo/007smsdev/analysis/DEVICE_DECOMPILATION_REPORT.md,text,321,int modem2_modem_carrier_unlock(const char *user_pin) {,,,,// 5. Write second unlock flag to NV 60002 (0xEA62)
['60002'],0xea62,60002,/usr/src/repo/007smsdev/analysis/DEVICE_DECOMPILATION_REPORT.md,text,322,int modem2_modem_carrier_unlock(const char *user_pin) {,,,,"result = nwqmi_nvtl_nv_item_write_cmd(60002, &unlock_flag, 1);"
"['0xea64', '60004']",0xea64,60004,/usr/src/repo/007smsdev/analysis/DEVICE_DECOMPILATION_REPORT.md,text,336,int modem2_modem_carrier_unlock(const char *user_pin) {,,,,| 60004 | 0xEA64 | Carrier Lock PIN Storage | Protected |
"['60076', '0xeaac']",0xeaac,60076,/usr/src/repo/007smsdev/analysis/DEVICE_DECOMPILATION_REPORT.md,text,337,int modem2_modem_carrier_unlock(const char *user_pin) {,,,,| 60076 | 0xEAAC | Unlock Flag 1 | Protected |
"['0xea62', '60002']",0xea62,60002,/usr/src/repo/007smsdev/analysis/DEVICE_DECOMPILATION_REPORT.md,text,338,int modem2_modem_carrier_unlock(const char *user_pin) {,,,,| 60002 | 0xEA62 | Unlock Flag 2 | Protected |
['60004'],0xea64,60004,/usr/src/repo/007smsdev/analysis/DEVICE_DECOMPILATION_REPORT.md,text,343,if (g_modem2_modem != 1) {,,,,2. **Device reads stored PIN** from NV item 60004
"['60076', '60002']",0xea62,60002,/usr/src/repo/007smsdev/analysis/DEVICE_DECOMPILATION_REPORT.md,text,345,if (g_modem2_modem != 1) {,,,,4. **If match**: Write unlock flags to NV 60076 and 60002
"['60004', '60076', '60002']",0xea62,60002,/usr/src/repo/007smsdev/analysis/DEVICE_DECOMPILATION_REPORT.md,text,376,,,,,"3. ‚úÖ **Located** critical NV items (60004, 60076, 60002)"
"['0xea64', '0xea62', '0xeaac']",0xeaac,60076,/usr/src/repo/007smsdev/analysis/extract_nv_references.py,text,7,,,,,python analysis/extract_nv_references.py [--nv 0xEA64 0xEAAC 0xEA62] [--csv out.csv]
"['0xea64', '0xea62', '0xeaac']",0xeaac,60076,/usr/src/repo/007smsdev/analysis/extract_nv_references.py,text,24,,,,,"DEFAULT_HEX = [""0xEA64"", ""0xEAAC"", ""0xEA62""]"
['60004'],0xea64,60004,/usr/src/repo/007smsdev/analysis/extract_nv_references.py,text,28,"def find_in_text(path: Path, nvset: set) -> List[Tuple[int, str]]:",,,,# We'll also search for local filename hints like nv_60004.bin
['0xea64'],0xea64,60004,/usr/src/repo/007smsdev/analysis/extract_nv_references.py,text,238,,,,,"parser.add_argument(""--nv"", nargs=""*"", default=DEFAULT_HEX, help=""NV items (hex), e.g. 0xEA64"")"
"['0xea64', '0xea62', '0xeaac']",0xeaac,60076,/usr/src/repo/007smsdev/.github/copilot-instructions.md,text,51,,,,,"- Never write to these NV items without an explicit `DO IT`: `0xEA64`, `0xEAAC`, `0xEA62`, `0x0D89`."
"['0xea64', '0xea62', '0xeaac']",0xeaac,60076,/usr/src/repo/007smsdev/.github/copilot-instructions.md,text,120,when (msg.type) {,,,,"- Do NOT write to the following NV items without explicit sign-off: 0xEA64 (NCK), 0xEAAC, 0xEA62, 0x0D89 ‚Äî writing them can permanently brick or lock devices."
"['0xea64', '0xea62', '0xeaac']",0xeaac,60076,/usr/src/repo/007smsdev/.github/copilot-instructions.md,text,188,,,,,"- DO NOT write NV items: 0xEA64 (NCK), 0xEAAC, 0xEA62, 0x0D89 (lock flags) without explicit sign-off; NV changes can permanently brick devices."
"['0xea64', '0xea62', '0xeaac']",0xeaac,60076,/usr/src/repo/007smsdev/.github/copilot-instructions.md,text,248,,,,,"- NV items to never write: NV 0xEA64 (NCK), 0xEAAC / 0xEA62 / 0x0D89 (lock flags). If in doubt, consult `docs/SAFE_OPERATIONS_GUIDE.md`."
['0xea64'],0xea64,60004,/usr/src/repo/007smsdev/mifi_backup/proprietary_analysis/libraries/PHASE6A_DISASSEMBLY_ANALYSIS.json,json,,operands,,58,target_function_analysis/modem2_modem_carrier_unlock/instructions/[58]/operands,"r0, #0xea64"
['0xeaac'],0xeaac,60076,/usr/src/repo/007smsdev/mifi_backup/proprietary_analysis/libraries/PHASE6A_DISASSEMBLY_ANALYSIS.json,json,,operands,,51,target_function_analysis/modem2_modem_get_carrier_unlock_status/instructions/[51]/operands,"r0, #0xeaac"
['0xea62'],0xea62,60002,/usr/src/repo/007smsdev/mifi_backup/proprietary_analysis/libraries/PHASE6A_DISASSEMBLY_ANALYSIS.json,json,,operands,,63,target_function_analysis/modem2_modem_get_carrier_unlock_status/instructions/[63]/operands,"r0, #0xea62"
['60076'],0xeaac,60076,/usr/src/repo/007smsdev/mifi_backup/opt/nvtl/log/system_log,text,30928,,,,,"Jan 20 15:13:50 (none) modem2d: [MDM_NWQMI]:[err] - nwqmi_nvtl_nv_item_read_cmd_ex: Failed to read NV=[60076], Index=[0]"
['60076'],0xeaac,60076,/usr/src/repo/007smsdev/mifi_backup/opt/nvtl/log/system_log,text,30975,,,,,"Jan 20 15:14:24 (none) modem2d: [MDM_NWQMI]:[err] - nwqmi_nvtl_nv_item_read_cmd_ex: Failed to read NV=[60076], Index=[0]"
['60004'],0xea64,60004,/usr/src/repo/007smsdev/.mypy_cache/3.13/check_nv_writes.meta.json,json,,data_mtime,,,data_mtime,1765600043
['60004'],0xea64,60004,/usr/src/repo/007smsdev/.mypy_cache/3.13/check_nv_writes.meta.json,json,,mtime,,,mtime,1765600042
"['0xea64', '0xea62', '0xeaac']",0xeaac,60076,/usr/src/repo/007smsdev/.github/workflows/nv-safety-check.yml,text,22,,,,,run: python analysis/extract_nv_references.py --nv 0xEA64 0xEAAC 0xEA62 --csv analysis/nv_references.csv
"['0xea64', '0xea62', '0xeaac']",0xeaac,60076,/usr/src/repo/007smsdev/analysis/decompiled/libmal_qct_analysis.txt,text,22,,,,,"{'.*validate_spc.*': [{'address': 'EXTERNAL:00000073', 'name': u'nwqmi_dms_validate_spc'}, {'address': '000163d4', 'name': u'nwqmi_dms_validate_spc'}, {'address': '00037964', 'name': u'modem2_modem_va"
['0xea64'],0xea64,60004,/usr/src/repo/007smsdev/analysis/decompiled/unlock_functions.c,text,45,if (*(int *)(DAT_0003a1fc + 0x39f70) == 1) {,,,,"local_c = nwqmi_nvtl_nv_item_read_cmd(0xea64,acStack_78,0x68);"
['0xeaac'],0xeaac,60076,/usr/src/repo/007smsdev/analysis/decompiled/unlock_functions.c,text,63,if (*(int *)(DAT_0003a1fc + 0x39f70) == 1) {,,,,"local_c = nwqmi_nvtl_nv_item_write_cmd(0xeaac,&local_d,1);"
['0xea62'],0xea62,60002,/usr/src/repo/007smsdev/analysis/decompiled/unlock_functions.c,text,73,if (iVar2 == 0) {,,,,"local_c = nwqmi_nvtl_nv_item_write_cmd(0xea62,&local_d,1);"
['0xeaac'],0xeaac,60076,/usr/src/repo/007smsdev/analysis/decompiled/unlock_functions.c,text,144,if (*(int *)(DAT_00039f28 + 0x39da4) == 1) {,,,,"local_c = nwqmi_nvtl_nv_item_read_cmd(0xeaac,&local_d,1);"
['0xea62'],0xea62,60002,/usr/src/repo/007smsdev/analysis/decompiled/unlock_functions.c,text,148,if (*(int *)(DAT_00039f28 + 0x39da4) == 1) {,,,,"local_c = nwqmi_nvtl_nv_item_read_cmd(0xea62,&local_d,1);"
['0xea62'],0xea62,60002,/usr/src/repo/007smsdev/analysis/rizin_analysis/carrier_unlock_status_disasm.txt,text,96,,,,,[38;2;0;128;128mŒì√∂√©[0m     [38;2;0;128;128mŒì√∂√©[0m[38;2;0;128;128mŒì√∂√©[0m[38;2;0;128;128mŒì√∂√©[0m   [38;2;0;128;0m0x00029e7c[0m      [38;2;192;192;192mmovw[0m[38;2;192;192;192m  [0m[38;2;0;
['0xea62'],0xea62,60002,/usr/src/repo/007smsdev/analysis/rizin_analysis/carrier_unlock_disasm.txt,text,180,,,,,[38;2;0;128;128mŒì√∂√©[0m     [38;2;0;128;128mŒì√∂√©[0m[38;2;0;128;128mŒì√∂√©[0m[38;2;0;128;128mŒì√∂√©[0m   [38;2;0;128;0m0x0002a174[0m      [38;2;192;192;192mmovw[0m[38;2;192;192;192m  [0m[38;2;0;
"['0xea64', '0xea62', '0xeaac']",0xeaac,60076,/usr/src/repo/007smsdev/analysis/__pycache__/extract_nv_references.cpython-313.pyc,text,44,,,,,python analysis/extract_nv_references.py [--nv 0xEA64 0xEAAC 0xEA62] [--csv out.csv]
"['0xea64', '0xea62', '0xeaac']",0xeaac,60076,/usr/src/repo/007smsdev/analysis/__pycache__/extract_nv_references.cpython-313.pyc,text,50,,,,,"    N)Path)ListTupleDictAnyOptional)0xEA640xEAAC0xEA62   nv_z.binz.jsonz\b(0x[0-9a-fA-F]{3,6})\bz"
['0xea64'],0xea64,60004,/usr/src/repo/007smsdev/analysis/__pycache__/extract_nv_references.cpython-313.pyc,text,284,,,,,"descriptionz--nvrN   zNV items (hex), e.g. 0xEA64)nargsdefaulthelpz--csvzCSV output file)r   r   z--root.zRepo root to scanc              3   @   #    U  H  oR                  5    "
['60004'],0xea64,60004,/usr/src/repo/007smsdev/tools/tests/test_mifi_controller_safety.py,text,53,"def fake_find(nv, root=None):",,,,# Prepare a backup folder and nv_60004.bin
['60004'],0xea64,60004,/usr/src/repo/007smsdev/tools/tests/test_mifi_controller_safety.py,text,56,"def fake_find(nv, root=None):",,,,"nv_file = backup_dir / ""nv_60004.bin"""
['60004'],0xea64,60004,/usr/src/repo/007smsdev/tools/tests/test_mifi_controller_safety.py,text,83,"def test_pri_override_nv_dry_run(monkeypatch, tmp_path):",,,,"assert (backup_dir / ""nv_60004.bin"").exists()"
['60004'],0xea64,60004,/usr/src/repo/007smsdev/tools/tests/test_mifi_controller_safety.py,text,105,,,,,"ok, msg = mc.pri_override_nv(60004, ""NEWVALUE"", confirm_flag=True)"
"['0xea64', '60004']",0xea64,60004,/usr/src/repo/007smsdev/tools/__pycache__/mifi_controller.cpython-313.pyc,text,690,,,,,  -  U	S   -    34$ )a  Attempt to read and display the master NCK (NV 0xEA64 / 60004).
['60004'],0xea64,60004,/usr/src/repo/007smsdev/tools/__pycache__/mifi_controller.cpython-313.pyc,text,2775,,,,,  z#NV item id to override (e.g. 60004)r]  z/New value: ascii or hex string (prefix with 0x))r  r  z
['60004'],0xea64,60004,/usr/src/repo/007smsdev/tools/tests/__pycache__/test_mifi_controller_safety.cpython-313-pytest-8.3.5.pyc,text,198,,,,,nv_60004.bins   BACKUP_NCK_9999c                 $   > TR                  5       $ N)
['60004'],0xea64,60004,/usr/src/repo/007smsdev/tools/tests/__pycache__/test_mifi_controller_safety.cpython-313.pyc,text,74,,,,,nv_60004.bins   BACKUP_NCK_9999c                 $   > TR                  5       $ N)
['0xeaac'],0xeaac,60076,/usr/src/repo/007smsdev/FX2000/analysis/readelf_all.txt,text,223332,,,,,0xeaac: @0x10264
['60004'],0xea64,60004,/usr/src/repo/007smsdev/FX2000/analysis/for_ghidra.tar,text,1159209,,,,,"<3>[   81.124649] [hostapd][0x60004d66][22:38:27.876325] wlan: [2396:E:SAP] wlansap_set_dfs_preferred_channel_location: 2172: sapdfs:NOT JAPAN REG, Invalid Set preferred chans location"
['60004'],0xea64,60004,/usr/src/repo/007smsdev/FX2000/analysis/strings/FX2000_opt_nvtl_log_crash_2_0,text,1133,,,,,"<3>[   81.124649] [hostapd][0x60004d66][22:38:27.876325] wlan: [2396:E:SAP] wlansap_set_dfs_preferred_channel_location: 2172: sapdfs:NOT JAPAN REG, Invalid Set preferred chans location"
['60004'],0xea64,60004,/usr/src/repo/007smsdev/FX2000/analysis/ghidra_input/FX2000/opt/nvtl/log/crash/2/0,text,1133,,,,,"<3>[   81.124649] [hostapd][0x60004d66][22:38:27.876325] wlan: [2396:E:SAP] wlansap_set_dfs_preferred_channel_location: 2172: sapdfs:NOT JAPAN REG, Invalid Set preferred chans location"
['60004'],0xea64,60004,/usr/src/repo/007smsdev/FX2000/analysis/ghidra_project/FX2000_project.rep/idata/01/~0000001d.db/db.1.gbf,text,2428,,,,,caseD_60004               8xG           
['60002'],0xea62,60002,/usr/src/repo/007smsdev/FX2000/analysis/ghidra_project/FX2000_project.rep/idata/01/~0000001d.db/db.1.gbf,text,2430,,,,,caseD_60002               8x	           
['60004'],0xea64,60004,/usr/src/repo/007smsdev/FX2000/analysis/ghidra_project/FX2000_project.rep/idata/01/~0000001d.db/db.1.gbf,text,2565,,,,,caseD_60004          
['60002'],0xea62,60002,/usr/src/repo/007smsdev/FX2000/analysis/ghidra_project/FX2000_project.rep/idata/01/~0000001d.db/db.1.gbf,text,2567,,,,,caseD_60002          
['60004'],0xea64,60004,/usr/src/repo/007smsdev/FX2000/analysis/ghidra_project/FX2000_project.rep/idata/01/~0000001d.db/db.1.gbf,text,3585,,,,,caseD_60004   ph0d  t          
['60002'],0xea62,60002,/usr/src/repo/007smsdev/FX2000/analysis/ghidra_project/FX2000_project.rep/idata/01/~0000001d.db/db.1.gbf,text,3587,,,,,caseD_60002   ph0d  t          
['60004'],0xea64,60004,/usr/src/repo/007smsdev/FX2000/opt/nvtl/log/crash/2/0,text,1133,,,,,"<3>[   81.124649] [hostapd][0x60004d66][22:38:27.876325] wlan: [2396:E:SAP] wlansap_set_dfs_preferred_channel_location: 2172: sapdfs:NOT JAPAN REG, Invalid Set preferred chans location"
